id,uniprot_accession_code,score,length,transmembrane_doms,localization,localization score,virulence_probability,adhesin_probability,conservation_score,shared_human_peps,shared_mouse_peps,shared_conserv_proteome_peps,human_peptides_sum,mouse_peptides_sum,annotations,list_of_peptides_from_comparison_with_mhcpep_sapiens,list_of_peptides_from_comparison_with_mhcpep_mouse,sequence,original_sequence_if_razor,tmhmm_seq
Q9ZKW5_Helicobacter pylori J99,,0.9825,1288,1,OuterMembrane,10,0.9508,0.9269,,0,0,0,0,0,,,,MEIQQTHRKINRPLVSLVLAGALISAIPQESHAAFFTTVIIPAIVGGIATGTAVGTVSGLLSWGLKQAEEANKTPDKPDKVWRIQAGKGFNEFPNKEYDLYKSLLSSKIDGGWDWGNAARHYWVKGGQWNKLEVDMKDAVGTYKLSGLRNFTGGDLDVNMQKATLRLGQFNGNSFTSYKDSADRTTRVNFNAKNISIDNFVEINNRVGSGAGRKASSTVLTLQASEGITSSKNAEISLYDGATLNLASNSVKLNGNVWMGRLQYVGAYLAPSYSTINTSKVQGEVDFNHLTVGDQNAAQAGIIASNKTHIGTLDLWQSAGLNIIAPPEGGYKDKPNSTTSQSGTKNDKKEISQNNNSNTEVINPPNNTQKTETEPTQVIDGPFAGGKDTVVNIFHLNTKADGTIKVGGFKASLTTNAAHLNIGKGGVNLSNQASGRTLLVENLTGNITVDGPLRVNNQVGGYALAGSSANFEFKAGVDTKNGTATFNNDISLGRFVNLKVDAHTANFKGIDTGNGGFNTLDFSGVTDKVNINKLITASTNVAVKNFNINELIVKTNGISVGEYTHFSEDIGSQSRINTVRLETGTRSIFSGGVKFKSGEKLVINDFYYSPWNYFDARNVKNVEITRKFASSTPENPWGTSKLMFNNLTLGQNAVMDYSQFSNLTIQGDFINNQGTINYLVRGGKVATLNVGNAAAMMFNNDIDSATGFYKPLIKINSAQDLIKNTEHVLLKAKIIGYGNVSTGTNGISNVNLEEQFKERLALYNNNNRMDTCVVRNTDDIKACGMAIGNQSMVNNPDNYKYLIGKAWRNIGISKTANGSKISVYYLGNSTPTENGGNTTNLPTNTTNNAHSANYALVKNAPFAHSATPNLVAINQHDFGTIESVFELANRSKDIDTLYTHSGAQGRDLLQTLLIDSHDAGYARQMIDNTSTGEITKQLNAATDALNNVASLEHKQSGLQTLSLSNAMILNSRLVNLSRKHTNHINSFAQRLQALKGQEFASLESAAEVLYQFAPKYEKPTNVWANAIGGASLNSGSNASLYGTSAGVDAFLNGNVEAIVGGFGSYGYSSFSNQANSLNSGANNANFGVYSRFFANQHEFDFEAQGALGSDQSSLNFKSTLLQDLNQSYNYLAYSATARASYGYDFAFFRNALVLKPSVGVSYNHLGSTNFKSNSQSQVALKNGASSQHLFNANANVEARYYYGDTSYFYLHAGVLQEFAHFGSNDVASLNTFKINAARSPLSTYARAMMGGELQLAKEVFLNLGVVYLHNLISNASHFASNLGMRYSF,,iiiiiiiiiiiiiiiiiiiiiiiiiiiiiiiiiiMMMMMMMMMMMMMMMMMMMMMMMOOOOOOOOOOOOOOOOOOOOOOOOOOOOOOOOOOOOOOOOOOOOOOOOOOOOOOOOOOOOOOOOOOOOOOOOOOOOOOOOOOOOOOOOOOOOOOOOOOOOOOOOOOOOOOOOOOOOOOOOOOOOOOOOOOOOOOOOOOOOOOOOOOOOOOOOOOOOOOOOOOOOOOOOOOOOOOOOOOOOOOOOOOOOOOOOOOOOOOOOOOOOOOOOOOOOOOOOOOOOOOOOOOOOOOOOOOOOOOOOOOOOOOOOOOOOOOOOOOOOOOOOOOOOOOOOOOOOOOOOOOOOOOOOOOOOOOOOOOOOOOOOOOOOOOOOOOOOOOOOOOOOOOOOOOOOOOOOOOOOOOOOOOOOOOOOOOOOOOOOOOOOOOOOOOOOOOOOOOOOOOOOOOOOOOOOOOOOOOOOOOOOOOOOOOOOOOOOOOOOOOOOOOOOOOOOOOOOOOOOOOOOOOOOOOOOOOOOOOOOOOOOOOOOOOOOOOOOOOOOOOOOOOOOOOOOOOOOOOOOOOOOOOOOOOOOOOOOOOOOOOOOOOOOOOOOOOOOOOOOOOOOOOOOOOOOOOOOOOOOOOOOOOOOOOOOOOOOOOOOOOOOOOOOOOOOOOOOOOOOOOOOOOOOOOOOOOOOOOOOOOOOOOOOOOOOOOOOOOOOOOOOOOOOOOOOOOOOOOOOOOOOOOOOOOOOOOOOOOOOOOOOOOOOOOOOOOOOOOOOOOOOOOOOOOOOOOOOOOOOOOOOOOOOOOOOOOOOOOOOOOOOOOOOOOOOOOOOOOOOOOOOOOOOOOOOOOOOOOOOOOOOOOOOOOOOOOOOOOOOOOOOOOOOOOOOOOOOOOOOOOOOOOOOOOOOOOOOOOOOOOOOOOOOOOOOOOOOOOOOOOOOOOOOOOOOOOOOOOOOOOOOOOOOOOOOOOOOOOOOOOOOOOOOOOOOOOOOOOOOOOOOOOOOOOOOOOOOOOOOOOOOOOOOOOOOOOOOOOOOOOOOOOOOOOOOOOOOOOOOOOOOOOOOOOOOOOOOOOOOOOOOOOOOOOOOOOOOOOOOOOOOOOOOOOOOOOOOOOOOOOOOOOOOOOOOOOOOOOOOOOOOOOOOOOOOOOOOOOOOOOOOOOOOOOOOOOOOOOOOOOOOOOOOOOOOOOOOOOOOOOOOOOOOOOOOOOOOOOOOOOOOOOOOOOOOOOOOOOOOOOOOOOOOOOOOOOOOOOOOOOOOOOOOOOOOOOOOOOOOOOOOOOOOOOOOOOOOOOOOOOOOOOOOOOO
P0CL66_Borrelia burgdorferi B31,,0.9703,273,0,OuterMembrane,10,0.888,0.9039,,0,0,0,0,0,,,,MKKYLLGIGLILALIACKQNVSSLDEKNSVSVDLPGEMKVLVSKEKNKDGKYDLIATVDKLELKGTSDKNNGSGVLEGVKADKSKVKLTISDDLGQTTLEVFKEDGKTLVSKKVTSKDKSSTEEKFNEKGEVSEKIITRADGTRLEYTGIKSDGSGKAKEVLKGYVLEGTLTAEKTTLVVKEGTVTLSKNISKSGEVSVELNDTDSSAATKKTAAWNSGTSTLTITVNSKKTKDLVFTKENTITVQQYDSNGTKLEGSAVEITKLDEIKNALK,,
Q9ZLT1_Helicobacter pylori J99,,0.9695,1167,0,Extracellular,9.96,0.9544,0.8359,,0,0,0,0,0,,,,MTNEAINQQPQTEAAFNPQQFINNLQVAFIKVDNVVASFDPNQKPIVDKNDRDNRQAFEKISQLREEFANKAIKNPTKKNQYFSSFISKSNDLIDKDNLIDTGSSIKSFQKFGTQRYQIFMNWVSHQNDPSKINTQKIRGFMENIIQPPISDDKEKAEFLRSAKQAFAGIIIGNQIRSDQKFMGVFDESLKERQEAEKNGEPNGDPTGGDWLDIFLSFVFNKKQSSDLKETLNQEPVPHVQPDVATTTTDIQSLPPEARDLLDERGNFSKFTLGDMNMLDVEGVADIDPNYKFNQLLIHNNALSSVLMGSHNGIEPEKVSLLYGNNGGPEARHDWNATVGYKNQRGDNVATLINVHMKNGSGLVIAGGEKGINNPSFYLYKEDQLTGSQRALSQEEIQNKVDFMEFLAQNNAKLDNLSKKEKEKFQNEIEDFQKDSKAYLDALGNDHIAFVSKKDKKHLALVAEFGNGELSYTLKDYGKKADKALDREAKTTLQGSLKHDGVMFVDYSNFKYTNASKSPDKGVGATNGVSHLEAGFSKVAVFNLPNLNNLAITSVVRQDLEDKLIAKGLSPQEANKLVKDFLSSNKELVGKALNFNKAVAEAKNTGNYDEVKQAQKDLEKSLKKRERLEKDVAKNLESKSGNKNKMEAKSQANSQKDEIFALINKEANRDARAIAYAQNLKGIKRELSDKLENINKDLKDFSKSFDEFKNGKNKDFSKAEETLKALKGSVKDLGINPEWISKVENLNAALNEFKNGKNKDFSKVTQAKSDLENSIKDVIINQKITDKVDNLNQAVSVAKATGDFSGVEQALADLKNFSKEQLAQQAQKNEDFNTGKNSALYQSVKNGVNGTLVGNGLSKAEATTLSKNFSDIKKELNAKLGNFNNNNNNGLENSTEPIYTQVAKKVKAKIDRLDQIASGLGDVGQAASFLLKRHDKVDDLSKVGLSANHEPIYATIDDLGGPFPLKRHDKVDDLSKVGLSREQKLTQKIDNLNQAVSEAKASHFDNLDQMIDKLKDSTKKNVVNLYVESAKKVPTSLSAKLDNYATNSHTRINSNVKNGTINEKATGMLTQKNSEWLKLVNDKIVAHNVGSAPLSAYDKIGFNQKNMKDYSDSFKFSTRLSNAVKDIKSGFVQFLTNIFSMGSYSLMKASVEHGVKNTNTKGGFQKS,,
P38006_Chlamydia trachomatis D,,0.9625,340,0,OuterMembrane,9.93,0.9046,0.8401,,0,0,0,0,0,,,,MSSKLVNYLRLTFLSFLGIASTSLDAMPAGNPAFPVIPGINIEQKNACSFDLCNSYDVLSALSGNLKLCFCGDYIFSEEAQVKDVPVVTSVTTAGVGPSPDITSTTKTRNFDLVNCNLNTNCVAVAFSLPDRSLSAIPLFDVSFEVKVGGLKQYYRLPMNAYRDFTSEPLNSESEVTDGMIEVQSNYGFVWDVSLKKVIWKDGVSFVGVGADYRHASCPIDYIIANSQANPEVFIADSDGKLNFKEWSVCVGLTTYVNDYVLPYLAFSIGSVSRQAPDDSFKKLEDRFTNLKFKVRKITSSHRGNICIGATNYVADNFFYNVEGRWGSQRAVNVSGGFQF,,
P27455_Chlamydia pneumoniae CWL029,,0.9434,389,0,OuterMembrane,10,0.713,0.891,,0,0,0,0,0,,,,MKKLLKSALLSAAFAGSVGSLQALPVGNPSDPSLLIDGTIWEGAAGDPCDPCATWCDAISLRAGFYGDYVFDRILKVDAPKTFSMGAKPTGSAAANYTTAVDRPNPAYNKHLHDAEWFTNAGFIALNIWDRFDVFCTLGASNGYIRGNSTAFNLVGLFGVKGTTVNANELPNVSLSNGVVELYTDTSFSWSVGARGALWECGCATLGAEFQYAQSKPKVEELNVICNVSQFSVNKPKGYKGVAFPLPTDAGVATATGTKSATINYHEWQVGASLSYRLNSLVPYIGVQWSRATFDADNIRIAQPKLPTAVLNLTAWNPSLLGNATALSTTDSFSDFMQIVSCQINKFKSRKACGVTVGATLVDADKWSLTAEARLINERAAHVSGQFRF,,
P56963_Campylobacter jejuni NCTC 11168,,0.9418,572,0,Extracellular,9.96,0.9163,0.6801,,0,0,0,0,0,,,,MGFRINTNVAALNAKANADLNSKSLDASLSRLSSGLRINSAADDASGMAIADSLRSQANTLGQAISNGNDALGILQTADKAMDEQLKILDTIKTKATQAAQDGQSLKTRTMLQADINRLMEELDNIANTTSFNGKQLLSGNFINQEFQIGASSNQTVKATIGATQSSKIGLTRFETGGRISTSGEVQFTLKNYNGIDDFQFQKVVISTSVGTGLGALADEINKNADKTGVRATFTVETRGIAAVRAGATSDTFAINGVKIGKVDYKDGDANGALVAAINSVKDTTGVEASIDANGQLLLTSREGRGIKIDGNIGGGAFINADMKENYGRLSLVKNDGKDILISGSNLSSAGFGATQFISQASVSLRESKGQIDANIADAMGFGSANKGVVLGGYSSVSAYMSSAGSGFSSGSGYSVGSGKNYSTGFANAIAISAASQLSTVYNVSAGSGFSSGSTLSQFATMKTTAFGVKDETAGVTTLKGAMAVMDIAETAITNLDQIRADIGSVQNQVTSTINNITVTQVNVKAAESQIRDVDFAAESANYSKANILAQSGSYAMAQANSVQQNVLRLLQ,,
Q7DDM2_Neisseria meningitidis B,,0.9364,174,0,OuterMembrane,10,0.9009,0.6542,,0,0,0,0,0,,,,MKKALATLIALALPAAALAEGASGFYVQADAAHAKASSSLGSAKGFSPRISAGYRINDLRFAVDYTRYKNYKAPSTDFKLYSIGASAIYDFDTQSPVKPYLGARLSLNRASVDLGGSDSFSQTSIGLGVLTGVSYAVTPNVDLDAGYRYNYIGKVNTVKNVRSGELSAGVRVKF,,
Q9JXL6_Neisseria meningitidis B,,0.9244,1457,1,OuterMembrane,10,0.7319,0.7388,,0,0,0,0,0,,,,MKTTDKRTTETHRKAPKTGRIRFSPAYLAICLSFGILPQAWAGHTYFGINYQYYRDFAENKGKFAVGAKDIEVYNKKGELVGKSMTKAPMIDFSVVSRNGVAALVGDQYIVSVAHNGGYNNVDFGAEGRNPDQHRFTYKIVKRNNYKAGTKGHPYGGDYHMPRLHKFVTDAEPVEMTSYMDGRKYIDQNNYPDRVRIGAGRQYWRSDEDEPNNRESSYHIASAYSWLVGGNTFAQNGSGGGTVNLGSEKIKHSPYGFLPTGGSFGDSGSPMFIYDAQKQKWLINGVLQTGNPYIGKSNGFQLVRKDWFYDEIFAGDTHSVFYEPRQNGKYSFNDDNNGTGKINAKHEHNSLPNRLKTRTVQLFNVSLSETAREPVYHAAGGVNSYRPRLNNGENISFIDEGKGELILTSNINQGAGGLYFQGDFTVSPENNETWQGAGVHISEDSTVTWKVNGVANDRLSKIGKGTLHVQAKGENQGSISVGDGTVILDQQADDKGKKQAFSEIGLVSGRGTVQLNADNQFNPDKLYFGFRGGRLDLNGHSLSFHRIQNTDEGAMIVNHNQDKESTVTITGNKDIATTGNNNSLDSKKEIAYNGWFGEKDTTKTNGRLNLVYQPAAEDRTLLLSGGTNLNGNITQTNGKLFFSGRPTPHAYNHLNDHWSQKEGIPRGEIVWDNDWINRTFKAENFQIKGGQAVVSRNVAKVKGDWHLSNHAQAVFGVAPHQSHTICTRSDWTGLTNCVEKTITDDKVIASLTKTDISGNVDLADHAHLNLTGLATLNGNLSANGDTRYTVSHNATQNGNLSLVGNAQATFNQATLNGNTSASGNASFNLSDHAVQNGSLTLSGNAKANVSHSALNGNVSLADKAVFHFESSRFTGQISGGKDTALHLKDSEWTLPSGTELGNLNLDNATITLNSAYRHDAAGAQTGSATDAPRRRSRRSRRSLLSVTPPTSVESRFNTLTVNGKLNGQGTFRFMSELFGYRSDKLKLAESSEGTYTLAVNNTGNEPASLEQLTVVEGKDNKPLSENLNFTLQNEHVDAGAWRYQLIRKDGEFRLHNPVKEQELSDKLGKAEAKKQAEKDNAQSLDALIAAGRDAVEKTESVAEPARQAGGENVGIMQAEEEKKRVQADKDTALAKQREAETRPATTAFPRARRARRDLPQLQPQPQPQPQRDLISRYANSGLSEFSATLNSVFAVQDELDRVFAEDRRNAVWTSGIRDTKHYRSQDFRAYRQQTDLRQIGMQKNLGSGRVGILFSHNRTENTFDDGIGNSARLAHGAVFGQYGIDRFYIGISAGAGFSSGSLSDGIGGKIRRRVLHYGIQARYRAGFGGFGIEPHIGATRYFVQKADYRYENVNIATPGLAFNRYRAGIKADYSFKPAQHISITPYLSLSYTDAASGKVRTRVNTAVLAQDFGKTRSAEWGVNAEIKGFTLSLHAAAAKGPQLEAQHSAGIKLGYRW,,iiiiiiiiiiiiiiiiiiiiMMMMMMMMMMMMMMMMMMMMMMMOOOOOOOOOOOOOOOOOOOOOOOOOOOOOOOOOOOOOOOOOOOOOOOOOOOOOOOOOOOOOOOOOOOOOOOOOOOOOOOOOOOOOOOOOOOOOOOOOOOOOOOOOOOOOOOOOOOOOOOOOOOOOOOOOOOOOOOOOOOOOOOOOOOOOOOOOOOOOOOOOOOOOOOOOOOOOOOOOOOOOOOOOOOOOOOOOOOOOOOOOOOOOOOOOOOOOOOOOOOOOOOOOOOOOOOOOOOOOOOOOOOOOOOOOOOOOOOOOOOOOOOOOOOOOOOOOOOOOOOOOOOOOOOOOOOOOOOOOOOOOOOOOOOOOOOOOOOOOOOOOOOOOOOOOOOOOOOOOOOOOOOOOOOOOOOOOOOOOOOOOOOOOOOOOOOOOOOOOOOOOOOOOOOOOOOOOOOOOOOOOOOOOOOOOOOOOOOOOOOOOOOOOOOOOOOOOOOOOOOOOOOOOOOOOOOOOOOOOOOOOOOOOOOOOOOOOOOOOOOOOOOOOOOOOOOOOOOOOOOOOOOOOOOOOOOOOOOOOOOOOOOOOOOOOOOOOOOOOOOOOOOOOOOOOOOOOOOOOOOOOOOOOOOOOOOOOOOOOOOOOOOOOOOOOOOOOOOOOOOOOOOOOOOOOOOOOOOOOOOOOOOOOOOOOOOOOOOOOOOOOOOOOOOOOOOOOOOOOOOOOOOOOOOOOOOOOOOOOOOOOOOOOOOOOOOOOOOOOOOOOOOOOOOOOOOOOOOOOOOOOOOOOOOOOOOOOOOOOOOOOOOOOOOOOOOOOOOOOOOOOOOOOOOOOOOOOOOOOOOOOOOOOOOOOOOOOOOOOOOOOOOOOOOOOOOOOOOOOOOOOOOOOOOOOOOOOOOOOOOOOOOOOOOOOOOOOOOOOOOOOOOOOOOOOOOOOOOOOOOOOOOOOOOOOOOOOOOOOOOOOOOOOOOOOOOOOOOOOOOOOOOOOOOOOOOOOOOOOOOOOOOOOOOOOOOOOOOOOOOOOOOOOOOOOOOOOOOOOOOOOOOOOOOOOOOOOOOOOOOOOOOOOOOOOOOOOOOOOOOOOOOOOOOOOOOOOOOOOOOOOOOOOOOOOOOOOOOOOOOOOOOOOOOOOOOOOOOOOOOOOOOOOOOOOOOOOOOOOOOOOOOOOOOOOOOOOOOOOOOOOOOOOOOOOOOOOOOOOOOOOOOOOOOOOOOOOOOOOOOOOOOOOOOOOOOOOOOOOOOOOOOOOOOOOOOOOOOOOOOOOOOOOOOOOOOOOOOOOOOOOOOOOOOOOOOOOOOOOOOOOOOOOOOOOOOOOOOOOOOOOOOOOOOOOOOOOOOOOOOOOOOOOOOOOOOOOOOOOOOOOOOOOOOOOOOOOOOOOOOOOOOOOOOOOOOOOOOOOOOOOOOOOOOOOOOOOOOOOOOOOOOOOOOOOOOOOOOOOOOOOOOOOOOOOOOOOOOOOOOOOOOOOOOOOOOOOO
P26948_Yersinia pestis CO-92,,0.9241,170,0,Extracellular,10,0.675,0.7934,,0,0,0,0,0,,,,MKKISSVIAIALFGTIATANAADLTASTTATATLVEPARITLTYKEGAPITIMDNGNIDTELLVGTLTLGGYKTGTTSTSVNFTDAAGDPMYLTFTSQDGNNHQFTTKVIGKDSRDFDISPKVNGENLVGDDVVLATGSQDFFVRSIGSKGGKLAAGKYTDAVTVTVSNQ,,
P59914_Porphyromonas gingivalis W83,,0.9241,388,0,Extracellular,10,0.856,0.6124,,0,0,0,0,0,,,,MKKTKFFLLGLAALAMTACNKDNEAEPVVETNATVSFIIKSGESRAVGDDLTDAKITKLTAMVYAGQVQEGIKTVEEDGGVLKVEGIPCKSGANRVLVVVANHNYELTGKSLNEVEALTTSLTAENQNAKNLIMTGKSAAFTIKPGSNHYGYPGGTASDNLVSAGTPLAVTRVHAGISFAGVEVNMATQYQNYYSFKPADAKIAALVAKKDSKIFGNSLVSNTNAYLYGVQTPAGLYTPDAAGETYELEASLNTNYAVGAGFYVLESKYDASNELRPTILCIYGKLLDKDGNPLTEPALTDAINAGFCDGDGTTYYPVLVNYDGNGYIYSGAITQGQNKIVRNNHYKISLNITGPGTNTPENPQPVQANLNVTCQVTPWVVVNQAATW,,
P0DH58_Neisseria meningitidis B,,0.8953,392,0,OuterMembrane,10,0.7418,0.5255,,0,0,0,0,0,,,,MRKKLTALVLSALPLAAVADVSLYGEIKAGVEGRNYQLQLTEAQAANGGASGQVKVTKVTKAKSRIRTKISDFGSFIGFKGSEDLGDGLKAVWQLEQDVSVAGGGATQWGNRESFIGLAGEFGTLRAGRVANQFDDASQAIDPWDSNNDVASQLGIFKRHDDMPVSVRYDSPEFSGFSGSVQFVPIQNSKSAYTPAYYTKNTNNNLTLVPAVVGKPGSDVYYAGLNYKNGGFAGNYAFKYARHANVGRNAFELFLIGSGSDQAKGTDPLKNHQVHRLTGGYEEGGLNLALAAQLDLSENGDKTKNSTTEIAATASYRFGNAVPRISYAHGFDFIERGKKGENTSYDQIIAGVDYDFSKRTSAIVSGAWLKRNTGIGNYTQINAASVGLRHKF,,
P0C7U7_Yersinia pestis CO-92,,0.8848,326,0,Extracellular,10,0.9417,0.2519,,0,0,0,0,0,,,,MIRAYEQNPQHFIEDLEKVRVEQLTGHGSSVLEELVQLVKDKNIDISIKYDPRKDSEVFANRVITDDIELLKKILAYFLPEDAILKGGHYDNQLQNGIKRVKEFLESSPNTQWELRAFMAVMHFSLTADRIDDDILKVIVDSMNHHGDARSKLREELAELTAELKIYSVIQAEINKHLSSSGTINIHDKSINLMDKNLYGYTDEEIFKASAEYKILEKMPQTTIQVDGSEKKIVSIKDFLGSENKRTGALGNLKNSYSYNKDNNELSHFATTCSDKSRPLNDLVSQKTTQLSDITSRFNSAIEALNRFIQKYDSVMQRLLDDTSGK,,
Q07337_Borrelia burgdorferi B31,,0.878,210,0,OuterMembrane,10,0.9477,0.1986,,0,0,0,0,0,,,,MKKNTLSAILMTLFLFISCNNSGKDGNTSANSADESVKGPNLTEISKKITDSNAVLLAVKEVEALLSSIDEIAAKAIGKKIHQNNGLDTENNHNGSLLAGAYAISTLIKQKLDGLKNEGLKEKIDAAKKCSETFTNKLKEKHTDLGKEGVTDADAKEAILKTNGTKTKGAEELGKLFESVEVLSKAAKEMLANSVKELTSPVVAESPKKP,,
Q9K0U9_Neisseria meningitidis B,,0.8491,915,0,OuterMembrane,10,0.5821,0.3619,,0,0,0,0,0,,,,MQQQHLFRFNILCLSLMTALPAYAENVQAGQAQEKQLDTIQVKAKKQKTRRDNEVTGLGKLVKSSDTLSKEQVLNIRDLTRYDPGIAVVEQGRGASSGYSIRGMDKNRVSLTVDGVSQIQSYTAQAALGGTRTAGSSGAINEIEYENVKAVEISKGSNSVEQGSGALAGSVAFQTKTADDVIGEGRQWGIQSKTAYSGKNRGLTQSIALAGRIGGAEALLIHTGRRAGEIRAHEDAGRGVQSFNRLVPVEDSSNYAYFIVKEECKNGSYETCKANPKKDVVGKDERQTVSTRDYTGPNRFLADPLSYESRSWLFRPGFRFENKRHYIGGILEHTQQTFDTRDMTVPAFLTKAVFDANKKQAGSLPGNGKYAGNHKYGGLFTNGENGALVGAEYGTGVFYDETHTKSRYGLEYVYTNADKDTWADYARLSYDRQGIGLDNHFQQTHCSADGSDKYCRPSADKPFSYYKSDRVIYGESHRLLQAAFKKSFDTAKIRHNLSVNLGFDRFGSNLRHQDYYYQHANRAYSSNTPPQNNGKKISPNGSETSPYWVTIGRGNVVTGQICRLGNNTYTDCTPRSINGKSYYAAVRDNVRLGRWADVGAGLRYDYRSTHSDDGSVSTGTHRTLSWNAGIVLKPTDWLDLTYRTSTGFRLPSFAEMYGWRAGVQSKAVKIDPEKSFNKEAGIVFKGDFGNLEASWFNNAYRDLIVRGYEAQIKDGKEEAKGDPAYLNAQSARITGINILGKIDWNGVWDKLPEGWYSTFAYNRVRVRDIKKRADRTDIQSHLFDAIQPSRYVVGLGYDQPEGKWGVNGMLTYSKAKEITELLGSRALLNGNSRNTKATARRTRPWYIVDVSGYYTVKKHFTLRAGVYNLLNYRYVTWENVRQTAGGAVNQHKNVGVYNRYAAPGRNYTFSLEMKF,,
O68691_Yersinia pestis CO-92,,0.8446,87,0,Extracellular,10,0.8996,0.0122,,0,0,0,0,0,,,,MSNFSGFTKGTDIADLDAVAQTLKKPADDANKAVNDSIAALKDKPDNPALLADLQHSINKWSVIYNINSTIVRSMKDLMQGILQKFP,,
Q9Z3A1_Chlamydia pneumoniae CWL029,,0.8383,841,0,OuterMembrane,5.87,0.9121,0.9557,,0,0,0,0,0,,,,MKIPLRFLLISLVPTLSMSNLLGAATTEELSASNSFDGTTSTTSFSSKTSSATDGTNYVFKDSVVIENVPKTGETQSTSCFKNDAAAGDLNFLGGGFSFTFSNIDATTASGAAIGSEAANKTVTLSGFSALSFLKSPASTVTNGLGAINVKGNLSLLDNDKVLIQDNFSTGDGGAINCAGSLKIANNKSLSFIGNSSSTRGGAIHTKNLTLSSGGETLFQGNTAPTAAGKGGAIAIADSGTLSISGDSGDIIFEGNTIGATGTVSHSAIDLGTSAKITALRAAQGHTIYFYDPITVTGSTSVADALNINSPDTGDNKEYTGTIVFSGEKLTEAEAKDEKNRTSKLLQNVAFKNGTVVLKGDVVLSANGFSQDANSKLIMDLGTSLVANTESIELTNLEINIDSLRNGKKIKLSAATAQKDIRIDRPVVLAISDESFYQNGFLNEDHSYDGILELDAGKDIVISADSRSIDAVQSPYGYQGKWTINWSTDDKKATVSWAKQSFNPTAEQEAPLVPNLLWGSFIDVRSFQNFIELGTEGAPYEKRFWVAGISNVLHRSGRENQRKFRHVSGGAVVGASTRMPGGDTLSLGFAQLFARDKDYFMNTNFAKTYAGSLRLQHDASLYSVVSILLGEGGLREILLPYVSKTLPCSFYGQLSYGHTDHRMKTESLPPPPPTLSTDHTSWGGYVWAGELGTRVAVENTSGRGFFQEYTPFVKVQAVYARQDSFVELGAISRDFSDSHLYNLAIPLGIKLEKRFAEQYYHVVAMYSPDVCRSNPKCTTTLLSNQGSWKTKGSNLARQAGIVQASGFRSLGAAAELFGNFGFEWRGSSRSYNVDAGSKIKF,,
Q5F5V7_Neisseria gonorrhoeae ATCC 700825,,0.8373,348,1,OuterMembrane,10,0.7822,0.0788,,0,0,0,0,0,,,,MKKSLIALTLAALPVAAMADVTLYGAIKAGVQTYRSVEHTDGKVSKVETGSEIADFGSKIGFKGQEDLGNGLKAVWQLEQGASVAGTNTGWGNKQSFVGLKGGFGTIRAGSLNSPLKNTGANVNAWESGKFTGNVLEISGMAQREHRYLSVRYDSPEFAGFSGSVQYAPKDNSGSNGESYHVGLNYQNSGFFAQYAGLFQRYGEGTKKIEYDGQTYSIPSLFVEKLQVHRLVGGYDNNALYVSVAAQQQDAKLYGAMSGNSHNSQTEVAATAAYRFGNVTPRVSYAHGFKGTVDSANHDNTYDQVVVGAEYDFSKRTSALVSAGWLQEGKGADKIVSTASAVVLRHKF,,iiiiMMMMMMMMMMMMMMMMMMMMMMMOOOOOOOOOOOOOOOOOOOOOOOOOOOOOOOOOOOOOOOOOOOOOOOOOOOOOOOOOOOOOOOOOOOOOOOOOOOOOOOOOOOOOOOOOOOOOOOOOOOOOOOOOOOOOOOOOOOOOOOOOOOOOOOOOOOOOOOOOOOOOOOOOOOOOOOOOOOOOOOOOOOOOOOOOOOOOOOOOOOOOOOOOOOOOOOOOOOOOOOOOOOOOOOOOOOOOOOOOOOOOOOOOOOOOOOOOOOOOOOOOOOOOOOOOOOOOOOOOOOOOOOOOOOOOOOOOOOOOOOOOOOOOOOOOOOOOOOOOOOOOOOOOOOOOOOOOOOOOOOOO
Q5F6Q3_Neisseria gonorrhoeae ATCC 700825,,0.8257,703,0,Extracellular,6.26,0.9205,0.8596,,0,0,0,0,0,,,,MNNPLVNQAAMVLPVFLLSACLGGGGSFDLDSVDTEAPRPAPKYQDVPSKKPEARKDQGGYGFAMRFKRRNWYPPSNPKENEIRLSEGDWEQTGNGNIKNPSKQKNIIDALSGNGEAPLQDSSQQGEGISKVTDYHDFKYVWSGFFYKQIGNTIKKDDSSSKIIEARNGPDGYIFYKGTDPSRKLPVSGSVEYKGTWDFLTDVQANQKFTDLGSAFTKSGDRYSAFSGELDYIVRKEEDKKDGHVGLGLTTEITVNFEKKTLSGKLIKNNMVINNGDEPTTQYYSLEAQVTGNRFNGKAMVTDKPENSKSKQHPFVSDSSSLSGGFFGPQGEELGFRFLSNDNKVAVVGSAKTKDETASSGGTSGGASVSASNGATGTSSGNSNLTTVLDAVELTPDGKEIKDLDNFSNAAQLVVDGIMIPLLSTESGNGQADKGKNGGTDFTYTTTYMPESDKKDTKAQTGAGGMQTASDAAGVNGGQAGTKTYKVEACCSNLNYLKYGLLTRENSNSVMQTVRNSSQAAARTAQGAQSMFLQGERTDEKEIPKEQKVVYLGTWYGHIAANGTSWTGNASDQQSGNRAKFDVNFKDKKITGTLTAANRQEATFTIDAMIDDNGFKGTAKTGNDGFAPDQNSSTGTYKVHIANAEVQGGFYGPNAEELGGWFAYPGNGQTKNAQENAQASSGNGNSAVSATVVFGAKRQQLVK,,
Q7DDJ2_Neisseria meningitidis B,,0.8255,591,0,Unknown,0,0.835,0.9438,,0,0,0,0,0,,,,MNKIYRIIWNSALNAWVVVSELTRNHTKRASATVKTAVLATLLFATVQASANNEEQEEDLYLDPVQRTVAVLIVNSDKEGTGEKEKVEENSDWAVYFNEKGVLTAREITLKAGDNLKIKQNGTNFTYSLKKDLTDLTSVGTEKLSFSANGNKVNITSDTKGLNFAKETAGTNGDTTVHLNGIGSTLTDTLLNTGATTNVTNDNVTDDEKKRAASVKDVLNAGWNIKGVKPGTTASDNVDFVRTYDTVEFLSADTKTTTVNVESKDNGKKTEVKIGAKTSVIKEKDGKLVTGKDKGENGSSTDEGEGLVTAKEVIDAVNKAGWRMKTTTANGQTGQADKFETVTSGTNVTFASGKGTTATVSKDDQGNITVMYDVNVGDALNVNQLQNSGWNLDSKAVAGSSGKVISGNVSPSKGKMDETVNINAGNNIEITRNGKNIDIATSMTPQFSSVSLGAGADAPTLSVDGDALNVGSKKDNKPVRITNVAPGVKEGDVTNVAQLKGVAQNLNNRIDNVDGNARAGIAQAIATAGLVQAYLPGKSMMAIGGGTYRGEAGYAIGYSSISDGGNWIIKGTASGNSRGHFGASASVGYQW,,
Q9K0V0_Neisseria meningitidis B,,0.8252,712,0,Extracellular,6.26,0.9249,0.8515,,0,0,0,0,0,,,,MNNPLVNQAAMVLPVFLLSACLGGGGSFDLDSVDTEAPRPAPKYQDVFSEKPQAQKDQGGYGFAMRLKRRNWYPQAKEDEVKLDESDWEATGLPDEPKELPKRQKSVIEKVETDSDNNIYSSPYLKPSNHQNGNTGNGINQPKNQAKDYENFKYVYSGWFYKHAKREFNLKVEPKSAKNGDDGYIFYHGKEPSRQLPASGKITYKGVWHFATDTKKGQKFREIIQPSKSQGDRYSGFSGDDGEEYSNKNKSTLTDGQEGYGFTSNLEVDFHNKKLTGKLIRNNANTDNNQATTTQYYSLEAQVTGNRFNGKATATDKPQQNSETKEHPFVSDSSSLSGGFFGPQGEELGFRFLSDDQKVAVVGSAKTKDKPANGNTAAASGGTDAAASNGAAGTSSENGKLTTVLDAVELKLGDKEVQKLDNFSNAAQLVVDGIMIPLLPEASESGNNQANQGTNGGTAFTRKFDHTPESDKKDAQAGTQTNGAQTASNTAGDTNGKTKTYEVEVCCSNLNYLKYGMLTRKNSKSAMQAGESSSQADAKTEQVEQSMFLQGERTDEKEIPSEQNIVYRGSWYGYIANDKSTSWSGNASNATSGNRAEFTVNFADKKITGTLTADNRQEATFTIDGNIKDNGFEGTAKTAESGFDLDQSNTTRTPKAYITDAKVQGGFYGPKAEELGGWFAYPGDKQTKNATNASGNSSATVVFGAKRQQPVR,,
Q9ZMJ1_Helicobacter pylori J99,,0.8214,144,0,Cytoplasmic,9.97,0.7038,0.049,,0,0,0,0,0,,,,MKTFEILKHLQADAIVLFMKVHNFHWNVKGTDFFNVHKATEEIYEGFADMFDDLAERIVQLGHHPLVTLSEAIKLTRVKEETKTSFHSKDIFKEILEDYKHLEKEFKELSNTAEKEGDKVTVTYADDQLAKLQKSIWMLEAHLA,,
Q5F6Q4_Neisseria gonorrhoeae ATCC 700825,,0.8202,912,0,OuterMembrane,10,0.4261,0.3154,,0,0,0,0,0,,,,MQQQHLFRFNILCLSLMTALPAYAENVQAGQAQEKQLDTIQVKAKKQKTRRDNEVTGLGKLVKTADTLSKEQVLDIRDLTRYDPGIAVVEQGRGASSGYSIRGMDKNRVALTVDGLAQIQSYTAQAALGGTRTAGSSGAINEIEYENVKAVEISKGSNSVEQGSGALAGSVAFQTKTADDVIGEGRQWGIQSKTAYSGKNRGLTQSIALAGRIGGAEALLIRTGRHAGEIRAHEAAGRGVQSFNRLVPVDDASTYAYFIVEEECKNEGYEKCKAKKDVDGKDERQTVSTRDYTGPNRFLADPLSYESRSWLFRPGFRFENKRHYIGGILERTQQTFDTRDMTVPAFLTKAVFDENKKYGSIRGYGKYAGGRKYSGLITNGENGAEVGAEYGTGVFYDETHTKSRYGLEYVYTNADKDTWADYARLSYDRQGIGLDNHFQQTHCSADGSDKYCRPSADKPSSYYKSDRVIYGESHRLLQAAFKKSFDTAKIRHNLSVNLGYDRFGSDLRHQDYYYQHANRAYSLKTPPQNNGKKINPNGSEKNPYWVSIGGGNVVTGQICLFGNNTYTDCTPRSINGKSYYAAVRDNVRLGRWADVGAGLRYDYRSTHSDDGSVSTGTHRTLSWNTGIVLKPADWLDLTYRTSTGFRLPSFAEMYGWRSGGKIKAVKIDPEKSFNKEAGIVFKGDFGNLEASWFNNAYRDLIVRGYEAQIKDGKEQVKGDPAYLNAQSARITGINILGKIDWNGVWDKLPEGWYSTFAYNRVRVRDIKKRADRTDIQSHLFDAIQPSRYVVGSGYDQPEGKWGVNGMLTYSKAKEITELLGSRALLNGNSRDTKATARRTRPWYIVDVSGYYTVKKHFTLRAGVYNLLNHRYVTWENVRQTAAGAVNQHKNVGVYNRYAAPGRNYTFSLEMKF,,
Q46409_Chlamydia trachomatis D,,0.8145,393,0,OuterMembrane,10,0.4057,0.2959,,0,0,0,0,0,,,,MKKLLKSVLVFAALSSASSLQALPVGNPAEPSLMIDGILWEGFGGDPCDPCATWCDAISMRVGYYGDFVFDRVLKTDVNKEFQMGAKPTTDTGNSAAPSTLTARENPAYGRHMQDAEMFTNAACMALNIWDRFDVFCTLGATSGYLKGNSASFNLVGLFGDNENQKTVKAESVPNMSFDQSVVELYTDTTFAWSVGARAALWECGCATLGASFQYAQSKPKVEELNVLCNAAEFTINKPKGYVGKEFPLDLTAGTDAATGTKDASIDYHEWQASLALSYRLNMFTPYIGVKWSRASFDADTIRIAQPKSATAIFDTTTLNPTIAGAGDVKTGAEGQLGDTMQIVSLQLNKMKSRKSCGIAVGTTIVDADKYAVTVETRLIDERAAHVNAQFRF,,
P59915_Porphyromonas gingivalis W83,,0.7948,2164,0,Unknown,0,0.5797,0.9842,,0,0,0,0,0,,,,MRKLNSLFSLAVLLSLLCWGQTAAAQGGPKTAPSVTHQAVQKGIRTSKAKDLRDPIPAGMARIILEAHDVWEDGTGYQMLWDADHNQYGASIPEESFWFANGTIPAGLYDPFEYKVPVNADASFSPTNFVLDGTASADIPAGTYDYVIINPNPGIIYIVGEGVSKGNDYVVEAGKTYHFTVQRQGPGDAASVVVTGEGGNEFAPVQNLQWSVSGQTVTLTWQAPASDKRTYVLNESFDTQTLPNGWTMIDADGDGHNWLSTINVYNTATHTGDGAMFSKSWTASSGAKIDLSPDNYLVTPKFTVPENGKLSYWVSSQEPWTNEHYGVFLSTTGNEAANFTIKLLEETLGSGKPAPMNLVKSEGVKAPAPYQERTIDLSAYAGQQVYLAFRHFGCTGIFRLYLDDVAVSGEGSSNDYTYTVYRDNVVIAQNLTATTFNQENVAPGQYNYCVEVKYTAGVSPKVCKDVTVEGSNEFAPVQNLTGSAVGQKVTLKWDAPNGTPNPNPGTTTLSESFENGIPASWKTIDADGDGNNWTTTPPPGGSSFAGHNSAICVSSASYINFEGPQNPDNYLVTPELSLPNGGTLTFWVCAQDANYASEHYAVYASSTGNDASNFANALLEEVLTAKTVVTAPEAIRGTRVQGTWYQKTVQLPAGTKYVAFRHFGCTDFFWINLDDVEIKANGKRADFTETFESSTHGEAPAEWTTIDADGDGQGWLCLSSGQLGWLTAHGGTNVVASFSWNGMALNPDNYLISKDVTGATKVKYYYAVNDGFPGDHYAVMISKTGTNAGDFTVVFEETPNGINKGGARFGLSTEANGAKPQSVWIERTVDLPAGTKYVAFRHYNCSDLNYILLDDIQFTMGGSPTPTDYTYTVYRDGTKIKEGLTETTFEEDGVATGNHEYCVEVKYTAGVSPKECVNVTVDPVQFNPVQNLTGSAVGQKVTLKWDAPNGTPNPNPGTTTLSESFENGIPASWKTIDADGDGNNWTTTPPPGGTSFAGHNSAICVSSASYINFEGPQNPDNYLVTPELSLPNGGTLTFWVCAQDANYASEHYAVYASSTGNDASNFANALLEEVLTAKTVVTAPEAIRGTRVQGTWYQKTVQLPAGTKYVAFRHFGCTDFFWINLDDVEIKANGKRADFTETFESSTHGEAPAEWTTIDADGDGQGWLCLSSGQLDWLTAHGGTNVVASFSWNGMALNPDNYLISKDVTGATKVKYYYAVNDGFPGDHYAVMISKTGTNAGDFTVVFEETPNGINKGGARFGLSTEANGAKPQSVWIERTVDLPAGTKYVAFRHYNCSDLNYILLDDIQFTMGGSPTPTDYTYTVYRDGTKIKEGLTETTFEEDGVATGNHEYCVEVKYTAGVSPKECVNVTVDPVQFNPVQNLTGSAVGQKVTLKWDAPNGTPNPNPGTTTLSESFENGIPASWKTIDADGDGNNWTTTPPPGGTSFAGHNSAICVSSASYINFEGPQNPDNYLVTPELSLPNGGTLTFWVCAQDANYASEHYAVYASSTGNDASNFANALLEEVLTAKTVVTAPEAIRGTRVQGTWYQKTVQLPAGTKYVAFRHFGCTDFFWINLDDVEIKANGKRADFTETFESSTHGEAPAEWTTIDADGDGQGWLCLSSGQLGWLTAHGGTNVVASFSWNGMALNPDNYLISKDVTGATKVKYYYAVNDGFPGDHYAVMISKTGTNAGDFTVVFEETPNGINKGGARFGLSTEANGAKPQSVWIERTVDLPAGTKYVAFRHYNCSDLNYILLDDIQFTMGGSPTPTDYTYTVYRDGTKIKEGLTETTFEEDGVATGNHEYCVEVKYTAGVSPKECVNVTINPTQFNPVQNLTAEQAPNSMDAILKWNAPASKRAEVLNEDFENGIPASWKTIDADGDGNNWTTTPPPGGSSFAGHNSAICVSSASYINFEGPQNPDNYLVTPELSLPGGGTLTFWVCAQDANYASEHYAVYASSTGNDASNFANALLEEVLTAKTVVTAPEAIRGTRVQGTWYQKTVQLPAGTKYVAFRHFGCTDFFWINLDDVVITSGNAPSYTYTIYRNNTQIASGVTETTYRDPDLATGFYTYGVKVVYPNGESAIETATLNITSLADVTAQKPYTLTVVGKTITVTCQGEAMIYDMNGRRLAAGRNTVVYTAQGGHYAVMVVVDGKSYVEKLAVK,,
Q0P9S0_Campylobacter jejuni NCTC 11168,,0.7893,279,0,Periplasmic,9.76,0.5385,0.0106,,0,0,0,0,0,,,,MKKILLSVLTAFVAVVLAACGGNSDSKTLNSLDKIKQNGVVRIGVFGDKPPFGYVDEKGNNQGYDIALAKRIAKELFGDENKVQFVLVEAANRVEFLKSNKVDIILANFTQTPQRAEQVDFCSPYMKVALGVAVPKDSNITSVEDLKDKTLLLNKGTTADAYFTQNYPNIKTLKYDQNTETFAALMDKRGDALSHDNTLLFAWVKDHPDFKMGIKELGNKDVIAPAVKKGDKELKEFIDNLIIKLGQEQFFHKAYDETLKAHFGDDVKADDVVIEGGKI,,
Q9JXK7_Neisseria meningitidis B,,0.7888,362,0,OuterMembrane,9.93,0.248,0.2804,,0,0,0,0,0,,,,MKHFPSKVLTTAILATFCSGALAATSDDDVKKAATVAIVAAYNNGQEINGFKAGETIYDIGEDGTITQKDATAADVEADDFKGLGLKKVVTNLTKTVNENKQNVDAKVKAAESEIEKLTTKLADTDAALADTDAALDETTNALNKLGENITTFAEETKTNIVKIDEKLEAVADTVDKHAEAFNDIADSLDETNTKADEAVKTANEAKQTAEETKQNVDAKVKAAETAAGKAEAAAGTANTAADKAEAVAAKVTDIKADIATNKADIAKNSARIDSLDKNVANLRKETRQGLAEQAALSGLFQPYNVGRFNVTAAVGGYKSESAVAIGTGFRFTENFAAKAGVAVGTSSGSSAAYHVGVNYEW,,
Q9S3R9_Porphyromonas gingivalis W83,,0.7684,391,0,OuterMembrane,10,0.345,0.0341,,0,0,0,0,0,,,,MKVKYLMLTLVGAIALNASAQENTVPATGQLPAKNVAFARNKAGSNWFVTLQGGVAAQFLNDNNNKDLMDRLGAIGSLSVGKYHSPFFATRLQINGGQAHTFLGKNGEQEINTNFGAAHFDFMFDVVNYFAPYRENRFFHLIPWVGVGYQHKFIGSEWSKDNVESLTANVGVMMAFRLGKRVDFVIEAQAAHSNLNLSRAYNAKKTPVFEDPAGRYYNGFQGMATAGLNFRLGAVGFNAIEPMDYALINDLNGQINRLRSEVEELSKRPVSCPECPEVTPVTKTENILTEKAVLFRFDSHVVDKDQLINLYDVAQFVKETNEPITVVGYADPTGNTQYNEKLSERRAKAVVDVLTGKYGVPSELISVEWKGDSTQPFSKKAWNRVVIVRSK,,
Q7MTI5_Porphyromonas gingivalis W83,,0.7652,372,0,Cytoplasmic,8.96,0.4024,0.0577,,0,0,0,0,0,,,,MSLDTATNNRLIINQIQQKKETQMTVENLRLQRLQNLEHYRFAKNVLTLCRTANIAKLNPKLPELEKAIEMEDLALNPPVANELTPQVIALDEERDRAYQALMSRVRSYAFDEDSQLRNAAARIEDVAARYGNVIRMNYDKETAAIENFLTDLKGENIRPLVTKLGVTALVDRLEKNNKAFADFFLRRLSTDQRGKYDVKALRAETDRTLVAVVRRMDSIDDMEPSPEIRALIELYNRLVANRRALLARRASYGEAAVEKRRAEIAEMLRPLLARIVEEKKTAVFAGRTLGTGKNRHYLITFVAENGDEEDRWYRINGEQLVYVPEDELPKPKKKKKPASSTDTPSEPPVLPDPSGGSSSGGGEQGSTGGGL,,
Q7DDU3_Neisseria meningitidis B,,0.7549,441,0,OuterMembrane,9.92,0.1628,0.1296,,0,0,0,0,0,,,,MKKYLFRAALYGIAAAILAACQSKSIQTFPQPDTSVINGPDRPVGIPDPAGTTVGGGGAVYTVVPHLSLPHWAAQDFAKSLQSFRLGCANLKNRQGWQDVCAQAFQTPVHSFQAKQFFERYFTPWQVAGNGSLAGTVTGYYEPVLKGDDRRTAQARFPIYGIPDDFISVPLPAGLRSGKALVRIRQTGKNSGTIDNTGGTHTADLSRFPITARTTAIKGRFEGSRFLPYHTRNQINGGALDGKAPILGYAEDPVELFFMHIQGSGRLKTPSGKYIRIGYADKNEHPYVSIGRYMADKGYLKLGQTSMQGIKSYMRQNPQRLAEVLGQNPSYIFFRELAGSSNDGPVGALGTPLMGEYAGAVDRHYITLGAPLFVATAHPVTRKALNRLIMAQDTGSAIKGAVRVDYFWGYGDEAGELAGKQKTTGYVWQLLPNGMKPEYRP,,
Q9S3R8_Porphyromonas gingivalis W83,,0.7534,380,0,OuterMembrane,10,0.134,0.1398,,0,0,0,0,0,,,,MKAKSLLLALAGLACTFSATAQEATTQNKAGMHTAFQRDKASDHWFIDIAGGAGMALSGWNNDVDFVDRLSIVPTFGIGKWHEPYFGTRLQFTGFDIYGFPQGSKERNHNYFGNAHLDFMFDLTNYFGVYRPNRVFHIIPWAGIGFGYKFHSENANGEKVGSKDDMTGTVNVGLMLKFRLSRVVDFNIEGQAFAGKMNFIGTKRGKADFPVMATAGLTFNLGKTEWTEIVPMDYALVNDLNNQINSLRGQVEELSRRPVSCPECPEPTQPTVTRVVVDNVVYFRINSAKIDRNQEINVYNTAEYAKTNNAPIKVVGYADEKTGTAAYNMKLSERRAKAVAKMLEKYGVSADRITIEWKGSSEQIYEENAWNRIVVMTAAE,,
O50870_Borrelia burgdorferi B31,,0.7411,451,0,CytoplasmicMembrane,4.9,0.8987,0.2889,,0,0,0,0,0,,,,MKYHIITTIFVFLFLACRPDFNIDQKDIKYPPTEKSRPKTESSKQKESKPKTEEELKKKQQEEELKKKQQEEELKKKQQEEELKKKQQEEELKKKQQEEELKKKQQEEELKKKQQEEELKKKQQEEELKKKQQEEELKKKQQEEELKKKQQEEELKKKQQEEELKKKQQEEELKKKQQEEELKKKQQEEELKKKQQEEELKKKQQEEELKKKQQEEELKKKQQEEELKKKQQEEELKKKQQEEEKEELRKQQLKNTLSNDLKKQIESAYNFKEKYVKSMEKEPEDHYGMTSFRGLNWGPGTEDISDNTERSIRYRRHTYTVLSPLDPHELKEFANIIQDINKLASVASIFNSFSAIGGALDIVSDHLYFKKDNLDKLDIADLEILKNSFEQILYIKGSVAGKAKKLLLDYKNLKTDINKLKSYSNELVNGIKQQALEAENLEELIVSKYKL,,
Q9Z8N7_Chlamydia pneumoniae CWL029,,0.701,171,0,Unknown,0,0.8675,0.0395,,0,0,0,0,0,,,,MKKLLFSTFLLVLGSTSAAHANLGYVNLKRCLEESDLGKKETEELEAMKQQFVKNAEKIEEELTSIYNKLQDEDYMESLSDSASEELRKKFEDLSGEYNAYQSQYYQSINQSNVKRIQKLIQEVKIAAESVRSKEKLEAILNEEAVLAIAPGTDKTTEIIAILNESFKKQN,,
Q9JXV4_Neisseria meningitidis B,,0.6498,274,1,Unknown,0,0.1633,0.385,,0,0,0,0,0,,,,MNRTAFCCLSLTTALILTACSSGGGGVAADIGAGLADALTAPLDHKDKGLQSLTLDQSVRKNEKLKLAAQGAEKTYGNGDSLNTGKLKNDKVSRFDFIRQIEVDGQLITLESGEFQVYKQSHSALTAFQTEQIQDSEHSGKMVAKRQFRIGDIAGEHTSFDKLPEGGRATYRGTAFGSDDAGGKLTYTIDFAAKQGNGKIEHLKSPELNVDLAAADIKPDGKRHAVISGSVLYNQAEKGSYSLGIFGGKAQEVAGSAEVKTVNGIRHIGLAAKQ,,iiiiiiMMMMMMMMMMMMMMMMMMMMMMMOOOOOOOOOOOOOOOOOOOOOOOOOOOOOOOOOOOOOOOOOOOOOOOOOOOOOOOOOOOOOOOOOOOOOOOOOOOOOOOOOOOOOOOOOOOOOOOOOOOOOOOOOOOOOOOOOOOOOOOOOOOOOOOOOOOOOOOOOOOOOOOOOOOOOOOOOOOOOOOOOOOOOOOOOOOOOOOOOOOOOOOOOOOOOOOOOOOOOOOOOOOOOOOOOOOOOOOOOOOOOOOOOOOOOOOOOOOOOOOOOOOOO
P0CC05_Chlamydia trachomatis D,,0.6403,88,0,Unknown,0,0.4753,0.007,,0,0,0,0,0,,,,MKKTALLAALCSVVSLSSCCRIVDCCFEDPCAPIQCSPCESKKKDVDGGCNSCNGYVPACKPCGGDTHQDAKHGPQARGIPVDGKCRQ,,
Q9Z869_Chlamydia pneumoniae CWL029,,0.6368,259,0,Cytoplasmic,5.41,0.3766,0.0806,,0,0,0,0,0,,,,MIKQIGRFFRAFIFIMPLSLTSCESKIDRNRIWIVGTNATYPPFEYVDAQGEVVGFDIDLAKAISEKLGKQLEVREFAFDALILNLKKHRIDAILAGMSITPSRQKEIALLPYYGDEVQELMVVSKRSLETPVLPLTQYSSVAVQTGTFQEHYLLSQPGICVRSFDSTLEVIMEVRYGKSPVAVLEPSVGRVVLKDFPNLVATRLELPPECWVLGCGLGVAKDRPEEIQTIQQAITDLKSEGVIQSLTKKWQLSEVAYE,,
Q9Z6T0_Chlamydia pneumoniae CWL029,,-0.3825,488,0,Periplasmic,9.76,0.4186,0.2064,,102,104,0,0.6025,0.6393,"peptidase activity | catalytic activity, acting on a protein | serine hydrolase activity | serine-type peptidase activity",,,MITKQLRSWLAVLVGSSLLALPLSGQAVGKKESRVSELPQDVLLKEISGGFSKVATKATPAVVYIESFPKSQAVTHPSPGRRGPYENPFDYFNDEFFNRFFGLPSQREKPQSKEAVRGTGFLVSPDGYIVTNNHVVEDTGKIHVTLHDGQKYPATVIGLDPKTDLAVIKIKSQNLPYLSFGNSDHLKVGDWAIAIGNPFGLQATVTVGVISAKGRNQLHIADFEDFIQTDAAINPGNSGGPLLNIDGQVIGVNTAIVSGSGGYIGIGFAIPSLMANRIIDQLIRDGQVTRGFLGVTLQPIDAELAACYKLEKVYGALVTDVVKGSPADKAGLKQEDVIIAYNGKEVDSLSMFRNAVSLMNPDTRIVLKVVREGKVIEIPVTVSQAPKEDGMSALQRVGIRVQNLTPETAKKLGIAPETKGILIISVEPGSVAASSGIAPGQLILAVNRQKVSSIEDLNRTLKDSNNENILLMVSQGDVIRFIALKPEE,,
Q8NXJ1_Staphylococcus aureus MW2,,0.9907,946,1,Cellwall,10,0.9606,0.9745,,0,0,0,0,0,,,,MNMKKKEKHAIRKKSIGVASVLVGTLIGFGLLSSKEADASENSVTQSDSASNESKSNDSSSVSAAPKTDDTNVSDTKTSSNTNNGETSVAQNPAQQETTQSALTNATTEETPVTGEATTATNQANTPATTQSSNTNAEELVNQTSNETTSNDTNTVSSVNSPQNSTNAENVSTTQDTSTEATPSNNESAPQSTDASNKDVVNQAVNTSAPRMRAFSLSAVAADAPAAGKDITNQLTNVTVGIDSGDTVYPHQAGYVKLNYGFSVPNSAVKGDTFKITVPKELNLNGVTSTAKVPPIMAGDQVLANGVIDSDGNVIYTFTDYVDTKENVTANITMPAYIDPENVTKTGNVTLTTGIGSTTANKTVLVDYEKYGKFYNLSIKGTIDQIDKTNNTYRQTIYVNPSGDNVIAPVLTGNLKPNTDSNALIDQQNTSIKVYKVDNAADLSESYFVNPENFEDVTNSVNITFPNPNQYKVEFNTPDDQITTPYIVVVNGHIDPNSKGDLALRSTLYGYDSRFVWRSMSWDNEVAFNNGSGSGDGIDKPVVPEQPDEPGEIEPIPEDSDSDPGSDSGSDSNSDSGSDSGSDSTSDSGSDSASDSDSASDSDSASDSDSASDSDSASDSDSASDSDSASDSDSASDSDSASDSDSDNDSDSDSDSDSDSDSDSDSDSDSDSDSDSDSDSDSDSDSDSDSDSDSDSDSDSDSDSDSDSDSDSDSDSDSDSDSDSDSDSDSDSDSDSDSDSDSDSDSDSNSDSDSDSDSDSDSDSDSDSDSDSDSDSDSDSDSDSASDSDSDSDSDSDSDSDSDSDSDSDSDSDSDSDSDSDSDSESDSDSESDSDSDSDSDSDSDSDSDSASDSDSGSDSDSSSDSDSESDSNSDSESGSNNNVVPPNSPKNGTNASNKNEAKDSKEPLPDTGSEDEANTSLIWGLLASIGSLLLFRRKKENKDKK,,iiiiiiiiiiiiiiiMMMMMMMMMMMMMMMMMMOOOOOOOOOOOOOOOOOOOOOOOOOOOOOOOOOOOOOOOOOOOOOOOOOOOOOOOOOOOOOOOOOOOOOOOOOOOOOOOOOOOOOOOOOOOOOOOOOOOOOOOOOOOOOOOOOOOOOOOOOOOOOOOOOOOOOOOOOOOOOOOOOOOOOOOOOOOOOOOOOOOOOOOOOOOOOOOOOOOOOOOOOOOOOOOOOOOOOOOOOOOOOOOOOOOOOOOOOOOOOOOOOOOOOOOOOOOOOOOOOOOOOOOOOOOOOOOOOOOOOOOOOOOOOOOOOOOOOOOOOOOOOOOOOOOOOOOOOOOOOOOOOOOOOOOOOOOOOOOOOOOOOOOOOOOOOOOOOOOOOOOOOOOOOOOOOOOOOOOOOOOOOOOOOOOOOOOOOOOOOOOOOOOOOOOOOOOOOOOOOOOOOOOOOOOOOOOOOOOOOOOOOOOOOOOOOOOOOOOOOOOOOOOOOOOOOOOOOOOOOOOOOOOOOOOOOOOOOOOOOOOOOOOOOOOOOOOOOOOOOOOOOOOOOOOOOOOOOOOOOOOOOOOOOOOOOOOOOOOOOOOOOOOOOOOOOOOOOOOOOOOOOOOOOOOOOOOOOOOOOOOOOOOOOOOOOOOOOOOOOOOOOOOOOOOOOOOOOOOOOOOOOOOOOOOOOOOOOOOOOOOOOOOOOOOOOOOOOOOOOOOOOOOOOOOOOOOOOOOOOOOOOOOOOOOOOOOOOOOOOOOOOOOOOOOOOOOOOOOOOOOOOOOOOOOOOOOOOOOOOOOOOOOOOOOOOOOOOOOOOOOOOOOOOOOOOOOOOOOOOOOOOOOOOOOOOOOOOOOOOOOOOOOOOOOOOOOOOOOOOOOOOOOOOOOOOOOOOOOOOOOOOOOOOOOOOOOOOOOOOOOOOOOOOOOOOOOOOOOOOOOOOOOOOOOOOOOOOOOOOOOOOOOOOOOOO
P13423_Bacillus anthracis AMES ANCESTOR,,0.9809,764,0,Extracellular,10,0.9409,0.9254,,0,0,0,0,0,,,,MKKRKVLIPLMALSTILVSSTGNLEVIQAEVKQENRLLNESESSSQGLLGYYFSDLNFQAPMVVTSSTTGDLSIPSSELENIPSENQYFQSAIWSGFIKVKKSDEYTFATSADNHVTMWVDDQEVINKASNSNKIRLEKGRLYQIKIQYQRENPTEKGLDFKLYWTDSQNKKEVISSDNLQLPELKQKSSNSRKKRSTSAGPTVPDRDNDGIPDSLEVEGYTVDVKNKRTFLSPWISNIHEKKGLTKYKSSPEKWSTASDPYSDFEKVTGRIDKNVSPEARHPLVAAYPIVHVDMENIILSKNEDQSTQNTDSQTRTISKNTSTSRTHTSEVHGNAEVHASFFDIGGSVSAGFSNSNSSTVAIDHSLSLAGERTWAETMGLNTADTARLNANIRYVNTGTAPIYNVLPTTSLVLGKNQTLATIKAKENQLSQILAPNNYYPSKNLAPIALNAQDDFSSTPITMNYNQFLELEKTKQLRLDTDQVYGNIATYNFENGRVRVDTGSNWSEVLPQIQETTARIIFNGKDLNLVERRIAAVNPSDPLETTKPDMTLKEALKIAFGFNEPNGNLQYQGKDITEFDFNFDQQTSQNIKNQLAELNATNIYTVLDKIKLNAKMNILIRDKRFHYDRNNIAVGADESVVKEAHREVINSSTEGLLLNIDKDIRKILSGYIVEIEDTEGLKEVINDRYDMLNISSLRQDGKTFIDFKKYNDKLPLYISNPNYKVNVYAVTKENTIINPSENGDTSTNGIKKILIFSKKGYEIG,,
Q9A0C0_Streptococcus pyogenes M1,,0.9719,1008,0,Cellwall,9.85,0.9009,0.9172,,0,0,0,0,0,,,,MKKHLKTVALTLTTVSVVTHNQEVFSLVKEPILKQTQASSSISGADYAESSGKSKLKINETSGPVDDTVTDLFSDKRTTPEKIKDNLAKGPREQELKAVTENTESEKQITSGSQLEQSKESLSLNKTVPSTSNWEICDFITKGNTLVGLSKSGVEKLSQTDHLVLPSQAADGTQLIQVASFAFTPDKKTAIAEYTSRAGENGEISQLDVDGKEIINEGEVFNSYLLKKVTIPTGYKHIGQDAFVDNKNIAEVNLPESLETISDYAFAHLALKQIDLPDNLKAIGELAFFDNQITGKLSLPRQLMRLAERAFKSNHIKTIEFRGNSLKVIGEASFQDNDLSQLMLPDGLEKIESEAFTGNPGDDHYNNRVVLWTKSGKNPSGLATENTYVNPDKSLWQESPEIDYTKWLEEDFTYQKNSVTGFSNKGLQKVKRNKNLEIPKQHNGVTITEIGDNAFRNVDFQNKTLRKYDLEEVKLPSTIRKIGAFAFQSNNLKSFEASDDLEEIKEGAFMNNRIETLELKDKLVTIGDAAFHINHIYAIVLPESVQEIGRSAFRQNGANNLIFMGSKVKTLGEMAFLSNRLEHLDLSEQKQLTEIPVQAFSDNALKEVLLPASLKTIREEAFKKNHLKQLEVASALSHIAFNALDDNDGDEQFDNKVVVKTHHNSYALADGEHFIVDPDKLSSTIVDLEKILKLIEGLDYSTLRQTTQTQFRDMTTAGKALLSKSNLRQGEKQKFLQEAQFFLGRVDLDKAIAKAEKALVTKKATKNGQLLERSINKAVLAYNNSAIKKANVKRLEKELDLLTGLVEGKGPLAQATMVQGVYLLKTPLPLPEYYIGLNVYFDKSGKLIYALDMSDTIGEGQKDAYGNPILNVDEDNEGYHALAVATLADYEGLDIKTILNSKLSQLTSIRQVPTAAYHRAGIFQAIQNAAAEAEQLLPKPGTHSEKSSSSESANSKDRGLQSNPKTNRGRHSAILPRTGSKGSFVYGILGYTSVALLSLITAIKKKKY,,OOOOOOOOOOOOOOOOOOOOOOOOOOOOOOOOOOOOOOOOOOOOOOOOOOOOOOOOOOOOOOOOOOOOOOOOOOOOOOOOOOOOOOOOOOOOOOOOOOOOOOOOOOOOOOOOOOOOOOOOOOOOOOOOOOOOOOOOOOOOOOOOOOOOOOOOOOOOOOOOOOOOOOOOOOOOOOOOOOOOOOOOOOOOOOOOOOOOOOOOOOOOOOOOOOOOOOOOOOOOOOOOOOOOOOOOOOOOOOOOOOOOOOOOOOOOOOOOOOOOOOOOOOOOOOOOOOOOOOOOOOOOOOOOOOOOOOOOOOOOOOOOOOOOOOOOOOOOOOOOOOOOOOOOOOOOOOOOOOOOOOOOOOOOOOOOOOOOOOOOOOOOOOOOOOOOOOOOOOOOOOOOOOOOOOOOOOOOOOOOOOOOOOOOOOOOOOOOOOOOOOOOOOOOOOOOOOOOOOOOOOOOOOOOOOOOOOOOOOOOOOOOOOOOOOOOOOOOOOOOOOOOOOOOOOOOOOOOOOOOOOOOOOOOOOOOOOOOOOOOOOOOOOOOOOOOOOOOOOOOOOOOOOOOOOOOOOOOOOOOOOOOOOOOOOOOOOOOOOOOOOOOOOOOOOOOOOOOOOOOOOOOOOOOOOOOOOOOOOOOOOOOOOOOOOOOOOOOOOOOOOOOOOOOOOOOOOOOOOOOOOOOOOOOOOOOOOOOOOOOOOOOOOOOOOOOOOOOOOOOOOOOOOOOOOOOOOOOOOOOOOOOOOOOOOOOOOOOOOOOOOOOOOOOOOOOOOOOOOOOOOOOOOOOOOOOOOOOOOOOOOOOOOOOOOOOOOOOOOOOOOOOOOOOOOOOOOOOOOOOOOOOOOOOOOOOOOOOOOOOOOOOOOOOOOOOOOOOOOOOOOOOOOOOOOOOOOOOOOOOOOOOOOOOOOOOOOOOOOOOOOOOOOOOOOOOOOOOOOOOOOOOOOOOOOOOOOOOOOOOOOOOOOOOOOOOOOOOOOOOOOOOOOOOOOOOOOOOOOOOOMMMMMMMMMMMMMMMMMMMMMMMiiii
A0A0H3JZE1_Staphylococcus aureus MW2,,0.9598,1183,0,Cellwall,10,0.735,0.9833,,0,0,0,0,0,,,,MNKNVLKFMVFIMLLNIITPLFNKNEALAARDISSTNVTDLTVSPTKIEDGGKTTVKMTFDDKSVKIQNGDTIKVAWPTSGTVKIEGYSKTVPLTVKGEQVGQAVITPDGATITFNDKVEKLSDVSGFAEFEVQGRNLTQTNTSDDKVATITSGNKSTNVTVHKSEAGTSSVFYYKTGDMLPEDTTHVRWFLNINNEKRYVSKDITIKDQIQGGQQLDLSTLNINVTGTHSNYYSGSNAITDFEKAFPGSKITVDNTKNTIDVTIPQGYGSYNSFSINYKTKITNEQQKEFVNNSQAWYQEHGKEEVNGKSFNHTVHNINANAGIEGTVKGELKVLKQDKDTKAPIANVKFKLSKKDGSVVKDNQKEIEIITDANGIANIKALPSGDYILKEIEAPAPYTFDKDKEYPFTMKDTDNQGYFTTIENAKEIEKTKDVSAQKVWEGTQKVKPTIYFKLYKQDDNQNTTPVDKAEIKKLEDGTTKVTWSNLPENDKNGKTIKYLVKEVNAQGEDTTPEGYTKKENGLVVTNTEKPIETTSISGEKVWDDKDNQDGKRPEKVSVNLLANGEKVKAVDVTSETNWKYEFKDLPKYDEGKKIEYTVTEDHVKDYTTDINGTTITNKYTPGETSATVTKNWDDNNNQDGKRPTEIKVELYQDGKATGKTAKLNESNNWTHTWTGLDEKAKGQQVKYTVEELTKVKGYTTHVDNNDMGNLIVTNKYTPETTSINGEKVWDDKDNQDGKRPEKVSINLLANGEKVKTLDVTSETNWKYEFKDLPKYDEGKKIEYTVTEDHVKDYTTDINGTTITNKYTPGETSATVTKNWDDNNNQDGKRPTEIKVELYQDGKATGKTATLNESNNWTHTWAGLDEKAKGQQVKYTVEELTKVKGYTTHVDNNDMGNLIVTNKYTPETTSISGEKVWDDKDNQDGKRPEKVSVNLLANGEKVKAVDVTSETNWKYEFKDLPKYDEGKKIEYTVTEDHVKDYTTDINGTTITNKYTPGETSATVTKNWDDNNNQDGKRPTEIKVELYQDGKATGKTATLNESNNWTHTWAGLDEKAKGQQVKYTVEELTKVKGYTTHVDNNDMGNLIVTNKYTPEKPNKPIYPEKPKDKTPPTKPDHSNKVKPTPPDKPSKVDKDDQPKDNKTKPENPLKELPKTGMKIITSWITWVFIGILGLYLILRKRFNS,,OOOOOOOOOOOOOOOOOOOOOOOOOOOOOOOOOOOOOOOOOOOOOOOOOOOOOOOOOOOOOOOOOOOOOOOOOOOOOOOOOOOOOOOOOOOOOOOOOOOOOOOOOOOOOOOOOOOOOOOOOOOOOOOOOOOOOOOOOOOOOOOOOOOOOOOOOOOOOOOOOOOOOOOOOOOOOOOOOOOOOOOOOOOOOOOOOOOOOOOOOOOOOOOOOOOOOOOOOOOOOOOOOOOOOOOOOOOOOOOOOOOOOOOOOOOOOOOOOOOOOOOOOOOOOOOOOOOOOOOOOOOOOOOOOOOOOOOOOOOOOOOOOOOOOOOOOOOOOOOOOOOOOOOOOOOOOOOOOOOOOOOOOOOOOOOOOOOOOOOOOOOOOOOOOOOOOOOOOOOOOOOOOOOOOOOOOOOOOOOOOOOOOOOOOOOOOOOOOOOOOOOOOOOOOOOOOOOOOOOOOOOOOOOOOOOOOOOOOOOOOOOOOOOOOOOOOOOOOOOOOOOOOOOOOOOOOOOOOOOOOOOOOOOOOOOOOOOOOOOOOOOOOOOOOOOOOOOOOOOOOOOOOOOOOOOOOOOOOOOOOOOOOOOOOOOOOOOOOOOOOOOOOOOOOOOOOOOOOOOOOOOOOOOOOOOOOOOOOOOOOOOOOOOOOOOOOOOOOOOOOOOOOOOOOOOOOOOOOOOOOOOOOOOOOOOOOOOOOOOOOOOOOOOOOOOOOOOOOOOOOOOOOOOOOOOOOOOOOOOOOOOOOOOOOOOOOOOOOOOOOOOOOOOOOOOOOOOOOOOOOOOOOOOOOOOOOOOOOOOOOOOOOOOOOOOOOOOOOOOOOOOOOOOOOOOOOOOOOOOOOOOOOOOOOOOOOOOOOOOOOOOOOOOOOOOOOOOOOOOOOOOOOOOOOOOOOOOOOOOOOOOOOOOOOOOOOOOOOOOOOOOOOOOOOOOOOOOOOOOOOOOOOOOOOOOOOOOOOOOOOOOOOOOOOOOOOOOOOOOOOOOOOOOOOOOOOOOOOOOOOOOOOOOOOOOOOOOOOOOOOOOOOOOOOOOOOOOOOOOOOOOOOOOOOOOOOOOOOOOOOOOOOOOOOOOOOOOOOOOOOOOOOOOOOOOOOOOOOOOOOOOOOOOOOOOOOOOOOOOOOOOOOOOOOOOOOOOOOOOOOOOOOOOOOOOOOOOOOOOOOOOOOOOOOOOOOOOOOMMMMMMMMMMMMMMMMMMMMMiiiii
P94217_Bacillus anthracis AMES ANCESTOR,,0.9526,862,0,Cellwall,10,0.7294,0.939,,0,0,0,0,0,,,,MAKTNSYKKVIAGTMTAAMVAGIVSPVAAAGKSFPDVPAGHWAEGSINYLVDKGAITGKPDGTYGPTESIDRASAAVIFTKILNLPVDENAQPSFKDAKNIWSSKYIAAVEKAGVVKGDGKENFYPEGKIDRASFASMLVSAYNLKDKVNGELVTTFEDLLDHWGEEKANILINLGISVGTGGKWEPNKSVSRAEAAQFIALTDKKYGKKDNAQAYVTDVKVSEPTKLTLTGTGLDKLSADDVTLEGDKAVAIEASTDGTSAVVTLGGKVAPNKDLTVKVKNQSFVTKFVYEVKKLAVEKLTFDDDRAGQAIAFKLNDEKGNADVEYLNLANHDVKFVANNLDGSPANIFEGGEATSTTGKLAVGIKQGDYKVEVQVTKRGGLTVSNTGIITVKNLDTPASAIKNVVFALDADNDGVVNYGSKLSGKDFALNSQNLVVGEKASLNKLVATIAGEDKVVDPGSISIKSSNHGIISVVNNYITAEAAGEATLTIKVGDVTKDVKFKVTTDSRKLVSVKANPDKLQVVQNKTLPVTFVTTDQYGDPFGANTAAIKEVLPKTGVVAEGGLDVVTTDSGSIGTKTIGVTGNDVGEGTVHFQNGNGATLGSLYVNVTEGNVAFKNFELVSKVGQYGQSPDTKLDLNVSTTVEYQLSKYTSDRVYSDPENLEGYEVESKNLAVADAKIVGNKVVVTGKTPGKVDIHLTKNGATAGKATVEIVQETIAIKSVNFKPVQTENFVEKKINIGTVLELEKSNLDDIVKGINLTKETQHKVRVVKSGAEQGKLYLDRNGDAVFNAGDVKLGDVTVSQTSDSALPNFKADLYDTLTTKYTDKGTLVFKVLKDKDVITSEIGSQAVHVNVLNNPNL,,
Q3K246_Streptococcus agalactiae Ia,,0.9389,890,1,Cellwall,9.98,0.7603,0.814,,0,0,0,0,0,,,,MKKRQKIWRGLSVTLLILSQIPFGILVQGETQDTNQALGKVIVKKTGDNATPLGKATFVLKNDNDKSETSHETVEGSGEATFENIKPGDYTLREETAPIGYKKTDKTWKVKVADNGATIIEGMDADKAEKRKEVLNAQYPKSAIYEDTKENYPLVNVEGSKVGEQYKALNPINGKDGRREIAEGWLSKKITGVNDLDKNKYKIELTVEGKTTVETKELNQPLDVVVLLDNSNSMNNERANNSQRALKAGEAVEKLIDKITSNKDNRVALVTYASTIFDGTEATVSKGVADQNGKALNDSVSWDYHKTTFTATTHNYSYLNLTNDANEVNILKSRIPKEAEHINGDRTLYQFGATFTQKALMKANEILETQSSNARKKLIFHVTDGVPTMSYAINFNPYISTSYQNQFNSFLNKIPDRSGILQEDFIINGDDYQIVKGDGESFKLFSDRKVPVTGGTTQAAYRVPQNQLSVMSNEGYAINSGYIYLYWRDYNWVYPFDPKTKKVSATKQIKTHGEPTTLYFNGNIRPKGYDIFTVGIGVNGDPGATPLEAEKFMQSISSKTENYTNVDDTNKIYDELNKYFKTIVEEKHSIVDGNVTDPMGEMIEFQLKNGQSFTHDDYVLVGNDGSQLKNGVALGGPNSDGGILKDVTVTYDKTSQTIKINHLNLGSGQKVVLTYDVRLKDNYISNKFYNTNNRTTLSPKSEKEPNTIRDFPIPKIRDVREFPVLTISNQKKMGEVEFIKVNKDKHSESLLGAKFQLQIEKDFSGYKQFVPEGSDVTTKNDGKIYFKALQDGNYKLYEISSPDGYIEVKTKPVVTFTIQNGEVTNLKADPNANKNQIGYLEGNGKHLITNTPKRPPGVFPKTGGIGTIVYILVGSTFMILTICSFRRKQL,,iiiiiiMMMMMMMMMMMMMMMMMMMMMMMOOOOOOOOOOOOOOOOOOOOOOOOOOOOOOOOOOOOOOOOOOOOOOOOOOOOOOOOOOOOOOOOOOOOOOOOOOOOOOOOOOOOOOOOOOOOOOOOOOOOOOOOOOOOOOOOOOOOOOOOOOOOOOOOOOOOOOOOOOOOOOOOOOOOOOOOOOOOOOOOOOOOOOOOOOOOOOOOOOOOOOOOOOOOOOOOOOOOOOOOOOOOOOOOOOOOOOOOOOOOOOOOOOOOOOOOOOOOOOOOOOOOOOOOOOOOOOOOOOOOOOOOOOOOOOOOOOOOOOOOOOOOOOOOOOOOOOOOOOOOOOOOOOOOOOOOOOOOOOOOOOOOOOOOOOOOOOOOOOOOOOOOOOOOOOOOOOOOOOOOOOOOOOOOOOOOOOOOOOOOOOOOOOOOOOOOOOOOOOOOOOOOOOOOOOOOOOOOOOOOOOOOOOOOOOOOOOOOOOOOOOOOOOOOOOOOOOOOOOOOOOOOOOOOOOOOOOOOOOOOOOOOOOOOOOOOOOOOOOOOOOOOOOOOOOOOOOOOOOOOOOOOOOOOOOOOOOOOOOOOOOOOOOOOOOOOOOOOOOOOOOOOOOOOOOOOOOOOOOOOOOOOOOOOOOOOOOOOOOOOOOOOOOOOOOOOOOOOOOOOOOOOOOOOOOOOOOOOOOOOOOOOOOOOOOOOOOOOOOOOOOOOOOOOOOOOOOOOOOOOOOOOOOOOOOOOOOOOOOOOOOOOOOOOOOOOOOOOOOOOOOOOOOOOOOOOOOOOOOOOOOOOOOOOOOOOOOOOOOOOOOOOOOOOOOOOOOOOOOOOOOOOOOOOOOOOOOOOOOOOOOOOOOOOOOOOOOOOOOOOOOOOOOOOOOOOOOMMMMMMMMMMMMMMMMMMMMMMMiiii
Q3K3P4_Streptococcus agalactiae Ia,,0.9371,1164,1,Cellwall,9.98,0.846,0.7159,,0,0,0,0,0,,,,MFKSNYERKMRYSIRKFSVGVASVAVASLFMGSVAHASELVKDDSVKTTEVAAKPYPSMAQTDQGNNSSSSELETTKMEIPTTDIKKAVEPVEKTAGETSATDTGKREKQLQQWKNNLKNDVDNTILSHEQKNEFKTKIDETNDSDALLELENQFNETNRLLHIKQHEEVEKDKKAKQQKTLKQSDTKVDLSNIDKELNHQKSQVEKMAEQKGITNEDKDSMLKKIEDIRKQAQQADKKEDAEVKVREELGKLFSSTKAGLDQEIQEHVKKETSSEENTQKVDEHYANSLQNLAQKSLEELDKATTNEQATQVKNQFLENAQKLKEIQPLIKETNVKLYKAMSESLEQVEKELKHNSEANLEDLVAKSKEIVREYEGKLNQSKNLPELKQLEEEAHSKLKQVVEDFRKKFKTSEQVTPKKRVKRDLAANENNQQKIELTVSPENITVYEGEDVKFTVTAKSDSKTTLDFSDLLTKYNPSVSDRISTNYKTNTDNHKIAEITIKNLKLNESQTVTLKAKDDSGNVVEKTFTITVQKKEEKQVPKTPEQKDSKTEEKVPQEPKSNDKNQLQELIKSAQQELEKLEKAIKELMEQPEIPSNPEYGIQKSIWESQKEPIQEAITSFKKIIGDSSSKYYTEHYFNKYKSDFMNYQLHAQMEMLTRKVVQYMNKYPDNAEIKKIFESDMKRTKEDNYGSLENDALKGYFEKYFLTPFNKIKQIVDDLDKKVEQDQPAPIPENSEMDQAKEKAKIAVSKYMSKVLDGVHQHLQKKNHSKIVDLFKELEAIKQQTIFDIDNAKTEVEIDNLVHDAFSKMNATVAKFQKGLETNTPETPDTPKIPELPQAPDTPQAPDTPHVPESPKAPEAPRVPESPKTPEAPHVPESPKAPEAPRVPESPKTPEAPHVPESPKTPEAPKIPEPPKTPDVPKLPDVPKLPDVPKLPDAPKLPDGLNKVGQAVFTSTDGNTKVTVVFDKPTDADKLHLKEVTTKELADKIAHKTGGGTVRVFDLSLSKGGKETHVNGERTVRLALGQTGSDVHVYHVKENGDLERIPSKVENGQVVFKTNHFSLFAIKTLSKDQNVTPPKQTKPSTQGSQVEIAESQTGKFQSKAANHKALATGNETVAKGNPTSTTEKKLPYTGVASNLVLEIMGLLGLIGTSFIAMKRRKS,,iiiiiiiiiiiiMMMMMMMMMMMMMMMMMMMMMMMOOOOOOOOOOOOOOOOOOOOOOOOOOOOOOOOOOOOOOOOOOOOOOOOOOOOOOOOOOOOOOOOOOOOOOOOOOOOOOOOOOOOOOOOOOOOOOOOOOOOOOOOOOOOOOOOOOOOOOOOOOOOOOOOOOOOOOOOOOOOOOOOOOOOOOOOOOOOOOOOOOOOOOOOOOOOOOOOOOOOOOOOOOOOOOOOOOOOOOOOOOOOOOOOOOOOOOOOOOOOOOOOOOOOOOOOOOOOOOOOOOOOOOOOOOOOOOOOOOOOOOOOOOOOOOOOOOOOOOOOOOOOOOOOOOOOOOOOOOOOOOOOOOOOOOOOOOOOOOOOOOOOOOOOOOOOOOOOOOOOOOOOOOOOOOOOOOOOOOOOOOOOOOOOOOOOOOOOOOOOOOOOOOOOOOOOOOOOOOOOOOOOOOOOOOOOOOOOOOOOOOOOOOOOOOOOOOOOOOOOOOOOOOOOOOOOOOOOOOOOOOOOOOOOOOOOOOOOOOOOOOOOOOOOOOOOOOOOOOOOOOOOOOOOOOOOOOOOOOOOOOOOOOOOOOOOOOOOOOOOOOOOOOOOOOOOOOOOOOOOOOOOOOOOOOOOOOOOOOOOOOOOOOOOOOOOOOOOOOOOOOOOOOOOOOOOOOOOOOOOOOOOOOOOOOOOOOOOOOOOOOOOOOOOOOOOOOOOOOOOOOOOOOOOOOOOOOOOOOOOOOOOOOOOOOOOOOOOOOOOOOOOOOOOOOOOOOOOOOOOOOOOOOOOOOOOOOOOOOOOOOOOOOOOOOOOOOOOOOOOOOOOOOOOOOOOOOOOOOOOOOOOOOOOOOOOOOOOOOOOOOOOOOOOOOOOOOOOOOOOOOOOOOOOOOOOOOOOOOOOOOOOOOOOOOOOOOOOOOOOOOOOOOOOOOOOOOOOOOOOOOOOOOOOOOOOOOOOOOOOOOOOOOOOOOOOOOOOOOOOOOOOOOOOOOOOOOOOOOOOOOOOOOOOOOOOOOOOOOOOOOOOOOOOOOOOOOOOOOOOOOOOOOOOOOOOOOOOOOOOOOOOOOOOOOOOOOOOOOOOOOOOOOOOOOOOOOOOOOOOOOOOOOOOOOOOOOOOOOOOOOOOOOOOOOOOOOOOOOOOOOOOOOOOOOOOOOOOOOOOOOOOOMMMMMMMMMMMMMMMMMMMMiiii
A0A0H3K2R6_Staphylococcus aureus MW2,,0.9359,319,0,Extracellular,10,0.8471,0.704,,0,0,0,0,0,,,,MKTRIVSSVTTTLLLGSILMNPVANAADSDINIKTGTTDIGSNTTVKTGDLVTYDKENGMHKKVFYSFIDDKNHNKKLLVIRTKGTIAGQYRVYSEEGANKSGLAWPSAFKVQLQLPDNEVAQISDYYPRNSIDTKEYMSTLTYGFNGNVTGDDTGKIGGLIGANVSIGHTLKYVQPDFKTILESPTDKKVGWKVIFNNMVNQNWGPYDRDSWNPVYGNQLFMKTRNGSMKAADNFLDPNKASSLLSSGFSPDFATVITMDRKASKQQTNIDVIYERVRDDYQLHWTSTNWKGTNTKDKWTDRSSERYKIDWEKEEMTN,,
Q8NUU7_Staphylococcus aureus MW2,,0.934,1015,0,Cellwall,10,0.6646,0.8736,,0,0,0,0,0,,,,MKNNLRYGIRKHKLGAASVFLGTMIVVGMGQDKEAAASEQKTTTVEENGNSATENKVNETQTTTTNVNTIDETQSYSATATEQPSNATQVTTEEAPKAVQAPQTAQPANLETVKEEVVKEEAKPQVKETTQSQDNSGDQRQVDLTPKKATQNQVAETQVEVAQPRTASESKPRVTRSADVVEAKEASDEKVETGTDVTSKVTVESGSIEAPQGNKVEPHAGQRVVLKYKLKFADGLKRGDYFDFTLSNNVNTYGVSTARKVPEIKNGSVVMATGEILGNGNIRYTFTNEIEHKVEVTANLEINLFIDPKTVQSNGEQKITSKLNGEETEKTIPVVYNPGVSNSYTNVNGSIETFNKESNKFTHIAYIKPMNGNQSNTVSVTGTLTEGSNLAGGQPTVKVYEYLGKKDELPQSVYANTSDTNKFKDVTKEMNGKLSVQDNGSYSLNLDKLDKTYVIHYTGEYLQGSDQVNFRTELYGYPERAYKSYYVYGGYRLTWDNGLVLYSNKADGNGKNGQIIQNNDFEYKEDTAKGTMSGQYDAKQIIETEENQDNTPLDIDYHTAIDGEGGYVDGYIETIEETDSSAIDIDYHTAVDSEAGHVGGYTESSEESNPIDFEESTHENSKHHADVVEYEEDTNPGGGQVTTESNLVEFDEESTKGIVTGAVSDHTTIEDTKEYTTESNLIELVDELPEEHGQAQGPIEEITENNHHISHSGLGTENGHGNYGVIEEIEENSHVDIKSELGYEGGQNSGNQSFEEDTEEDKPKYEQGGNIVDIDFDSVPQIQGQNNGNQSFEEDTEKDKPKYEQGGNIIDIDFDSVPQIHGFNKHTEIIEEDTNKDKPNYQFGGHNSVDFEEDTLPKVSGQNEGQQTIEEDTTPPTPPTPEVPSEPETPTPPTPEVPSEPETPTPPTPEVPSEPETPTPPTPEVPAEPGKPVPPAKEEPKKPSKPVEQGKVVTPVIEINEKVKAVAPTKKAQSKKSELPETGGEESTNKGMLFGGLFSILGLALLRRNKKNNKA,,
Q9A180_Streptococcus pyogenes M1,,0.9291,1647,1,Cellwall,10,0.6876,0.8163,,0,0,0,0,0,,,,MEKKQRFSLRKYKSGTFSVLIGSVFLVMTTTVAADELSTMSEPTITNHAQQQAQHLTNTELSSAESKSQDTSQITLKTNREKEQSQDLVSEPTTTELADTDAASMANTGSDATQKSASLPPVNTDVHDWVKTKGAWDKGYKGQGKVVAVIDTGIDPAHQSMRISDVSTAKVKSKEDMLARQKAAGINYGSWINDKVVFAHNYVENSDNIKENQFEDFDEDWENFEFDAEAEPKAIKKHKIYRPQSTQAPKETVIKTEETDGSHDIDWTQTDDDTKYESHGMHVTGIVAGNSKEAAATGERFLGIAPEAQVMFMRVFANDIMGSAESLFIKAIEDAVALGADVINLSLGTANGAQLSGSKPLMEAIEKAKKAGVSVVVAAGNERVYGSDHDDPLATNPDYGLVGSPSTGRTPTSVAAINSKWVIQRLMTVKELENRADLNHGKAIYSESVDFKDIKDSLGYDKSHQFAYVKESTDAGYNAQDVKGKIALIERDPNKTYDEMIALAKKHGALGVLIFNNKPGQSNRSMRLTANGMGIPSAFISHEFGKAMSQLNGNGTGSLEFDSVVSKAPSQKGNEMNHFSNWGLTSDGYLKPDITAPGGDIYSTYNDNHYGSQTGTSMASPQIAGASLLVKQYLEKTQPNLPKEKIADIVKNLLMSNAQIHVNPETKTTTSPRQQGAGLLNIDGAVTSGLYVTGKDNYGSISLGNITDTMTFDVTVHNLSNKDKTLRYDTELLTDHVDPQKGRFTLTSHSLKTYQGGEVTVPANGKVTVRVTMDVSQFTKELTKQMPNGYYLEGFVRFRDSQDDQLNRVNIPFVGFKGQFENLAVAEESIYRLKSQGKTGFYFDESGPKDDIYVGKHFTGLVTLGSETNVSTKTISDNGLHTLGTFKNADGKFILEKNAQGNPVLAISPNGDNNQDFAAFKGVFLRKYQGLKASVYHASDKEHKNPLWVSPESFKGDKNFNSDIRFAKSTTLLGTAFSGKSLTGAELPDGHYHYVVSYYPDVVGAKRQEMTFDMILDRQKPVLSQATFDPETNRFKPEPLKDRGLAGVRKDSVFYLERKDNKPYTVTINDSYKYVSVEDNKTFVERQADGSFILPLDKAKLGDFYYMVEDFAGNVAIAKLGDHLPQTLGKTPIKLKLTDGNYQTKETLKDNLEMTQSDTGLVTNQAQLAVVHRNQPQSQLTKMNQDFFISPNEDGNKDFVAFKGLKNNVYNDLTVNVYAKDDHQKQTPIWSSQAGASVSAIESTAWYGITARGSKVMPGDYQYVVTYRDEHGKEHQKQYTISVNDKKPMITQGRFDTINGVDHFTPDKTKALDSSGIVREEVFYLAKKNGRKFDVTEGKDGITVSDNKVYIPKNPDGSYTISKRDGVTLSDYYYLVEDRAGNVSFATLRDLKAVGKDKAVVNFGLDLPVPEDKQIVNFTYLVRDADGKPIENLEYYNNSGNSLILPYGKYTVELLTYDTNAAKLESDKIVSFTLSADNNFQQVTFKITMLATSQITAHFDHLLPEGSRVSLKTAQDQLIPLEQSLYVPKAYGKTVQEGTYEVVVSLPKGYRIEGNTKVNTLPNEVHELSLRLVKVGDASDSTGDHKVMSKNNSQALTASATPTKSTTSATAKALPSTGEKMGLKLRIVGLVLLGLTCVFSRKKSTKD,,iiiiiiiiiiiMMMMMMMMMMMMMMMMMMMMMMMOOOOOOOOOOOOOOOOOOOOOOOOOOOOOOOOOOOOOOOOOOOOOOOOOOOOOOOOOOOOOOOOOOOOOOOOOOOOOOOOOOOOOOOOOOOOOOOOOOOOOOOOOOOOOOOOOOOOOOOOOOOOOOOOOOOOOOOOOOOOOOOOOOOOOOOOOOOOOOOOOOOOOOOOOOOOOOOOOOOOOOOOOOOOOOOOOOOOOOOOOOOOOOOOOOOOOOOOOOOOOOOOOOOOOOOOOOOOOOOOOOOOOOOOOOOOOOOOOOOOOOOOOOOOOOOOOOOOOOOOOOOOOOOOOOOOOOOOOOOOOOOOOOOOOOOOOOOOOOOOOOOOOOOOOOOOOOOOOOOOOOOOOOOOOOOOOOOOOOOOOOOOOOOOOOOOOOOOOOOOOOOOOOOOOOOOOOOOOOOOOOOOOOOOOOOOOOOOOOOOOOOOOOOOOOOOOOOOOOOOOOOOOOOOOOOOOOOOOOOOOOOOOOOOOOOOOOOOOOOOOOOOOOOOOOOOOOOOOOOOOOOOOOOOOOOOOOOOOOOOOOOOOOOOOOOOOOOOOOOOOOOOOOOOOOOOOOOOOOOOOOOOOOOOOOOOOOOOOOOOOOOOOOOOOOOOOOOOOOOOOOOOOOOOOOOOOOOOOOOOOOOOOOOOOOOOOOOOOOOOOOOOOOOOOOOOOOOOOOOOOOOOOOOOOOOOOOOOOOOOOOOOOOOOOOOOOOOOOOOOOOOOOOOOOOOOOOOOOOOOOOOOOOOOOOOOOOOOOOOOOOOOOOOOOOOOOOOOOOOOOOOOOOOOOOOOOOOOOOOOOOOOOOOOOOOOOOOOOOOOOOOOOOOOOOOOOOOOOOOOOOOOOOOOOOOOOOOOOOOOOOOOOOOOOOOOOOOOOOOOOOOOOOOOOOOOOOOOOOOOOOOOOOOOOOOOOOOOOOOOOOOOOOOOOOOOOOOOOOOOOOOOOOOOOOOOOOOOOOOOOOOOOOOOOOOOOOOOOOOOOOOOOOOOOOOOOOOOOOOOOOOOOOOOOOOOOOOOOOOOOOOOOOOOOOOOOOOOOOOOOOOOOOOOOOOOOOOOOOOOOOOOOOOOOOOOOOOOOOOOOOOOOOOOOOOOOOOOOOOOOOOOOOOOOOOOOOOOOOOOOOOOOOOOOOOOOOOOOOOOOOOOOOOOOOOOOOOOOOOOOOOOOOOOOOOOOOOOOOOOOOOOOOOOOOOOOOOOOOOOOOOOOOOOOOOOOOOOOOOOOOOOOOOOOOOOOOOOOOOOOOOOOOOOOOOOOOOOOOOOOOOOOOOOOOOOOOOOOOOOOOOOOOOOOOOOOOOOOOOOOOOOOOOOOOOOOOOOOOOOOOOOOOOOOOOOOOOOOOOOOOOOOOOOOOOOOOOOOOOOOOOOOOOOOOOOOOOOOOOOOOOOOOOOOOOOOOOOOOOOOOOOOOOOOOOOOOOOOOOOOOOOOOOOOOOOOOOOOOOOOOOOOOOOOOOOOOOOOOOOOOOOOOOOOOOOOOOOOOOOOOOOOOOOOOOOOOOOOOOOOOOOOOOOOOOOOOOOOOOOOOOOOOOOOOOOOOOOOOOOOOOOOOOOOOOOOOOOOOOOOOOOOOOOOOOOOOOOOOOOOOOOOOOOOOOOOOOOOOOOOOOOOOOOOOOOOOOOOOOOOOOOOOOOOOOOO
P0A0L1_Staphylococcus aureus MW2,,0.9222,257,0,Extracellular,10,0.9471,0.5085,,0,0,0,0,0,,,,MKKTAFTLLLFIALTLTTSPLVNGSEKSEEINEKDLRKKSELQGTALGNLKQIYYYNEKAKTENKESHDQFLQHTILFKGFFTDHSWYNDLLVDFDSKDIVDKYKGKKVDLYGAYYGYQCAGGTPNKTACMYGGVTLHDNNRLTEEKKVPINLWLDGKQNTVPLETVKTNKKNVTVQELDLQARRYLQEKYNLYNSDVFDGKVQRGLIVFHTSTEPSVNYDLFGAQGQYSNTLLRIYRDNKTINSENMHIDIYLYTS,,
A0A0H3K1I2_Staphylococcus aureus MW2,,0.9186,492,1,Cellwall,9.98,0.9118,0.5205,,0,0,0,0,0,,,,MKKKNIYSIRKLGVGIASVTLGTLLISGGVTPAANAAQHDEAQQNAFYQVLNMPNLNADQRNGFIQSLKDDPSQSANVLGEAQKLNDSQAPKADAQQNNFNKDQQSAFYEILNMPNLNEAQRNGFIQSLKDDPSQSTNVLGEAKKLNESQAPKADNNFNKEQQNAFYEILNMPNLNEEQRNGFIQSLKDDPSQSANLLSEAKKLNESQAPKADNKFNKEQQNAFYEILHLPNLNEEQRNGFIQSLKDDPSQSANLLAEAKKLNDAQAPKADNKFNKEQQNAFYEILHLPNLTEEQRNGFIQSLKDDPSVSKEILAEAKKLNDAQAPKEEDNNKPGKEDGNKPGKEDGNKPGKEDNNKPGKEDGNKPGKEDNKKPGKEDGNKPGKEDNNKPGKEDGNGVHVVKPGDTVNDIAKANGTTADKIAADNKLADKNMIKPGQELVVDKKQPANHADANKAQALPETGEENPFIGTTVFGGLSLALGAALLAGRRREL,,iiiiiiiiiiiMMMMMMMMMMMMMMMMMMMMMMMOOOOOOOOOOOOOOOOOOOOOOOOOOOOOOOOOOOOOOOOOOOOOOOOOOOOOOOOOOOOOOOOOOOOOOOOOOOOOOOOOOOOOOOOOOOOOOOOOOOOOOOOOOOOOOOOOOOOOOOOOOOOOOOOOOOOOOOOOOOOOOOOOOOOOOOOOOOOOOOOOOOOOOOOOOOOOOOOOOOOOOOOOOOOOOOOOOOOOOOOOOOOOOOOOOOOOOOOOOOOOOOOOOOOOOOOOOOOOOOOOOOOOOOOOOOOOOOOOOOOOOOOOOOOOOOOOOOOOOOOOOOOOOOOOOOOOOOOOOOOOOOOOOOOOOOOOOOOOOOOOOOOOOOOOOOOOOOOOOOOOOOOOOOOOOOOOOOOOOOOOOOOOOOOOOOOOOOOOOOOOOOOOOOOOOOOOOOOOOOOOOOOOOOOOOOOOOOOOOOOOOOOOOOOOOOOOOOOOOOOOOOOOOOOOOOOOOOOOO
Q3K250_Streptococcus agalactiae Ia,,0.9176,554,1,Cellwall,9.98,0.6548,0.7703,,0,0,0,0,0,,,,MKLSKKLLFSAAVLTIVAGSTVEPVAQFATGMSIVRAAEVSQERPAKTTVNIYKLQADSYKSEITSNGGIENKDGEVISNYAKLGDNVKGLQGVQFKRYKVKTDISVDELKKLTTVEAADAKVGTILEEGVSLPQKTNAQGLVVDALDSKSNVRYLYVEDLKNSPSNITKAYAVPFVLELPVANSTGTGFLSEINIYPKNVVTDEPKTDKDVKKLGQDDAGYTIGEEFKWFLKSTIPANLGDYEKFEITDKFADGLTYKSVGKIKIGSKTLNRDEHYTIDEPTVDNQNTLKITFKPEKFKEIAELLKGMTLVKNQDALDKATANTDDAAFLEIPVASTINEKAVLGKAIENTFELQYDHTPDKADNPKPSNPPRKPEVHTGGKRFVKKDSTETQTLGGAEFDLLASDGTAVKWTDALIKANTNKNYIAGEAVTGQPIKLKSHTDGTFEIKGLAYAVDANAEGTAVTYKLKETKAPEGYVIPDKEIEFTVSQTSYNTKPTDITVDSADATPDTIKNNKRPSIPNTGGIGTAIFVAIGAAVMAFAVKGMKRRTKDN,,iiiiiiMMMMMMMMMMMMMMMMMMMMMMMOOOOOOOOOOOOOOOOOOOOOOOOOOOOOOOOOOOOOOOOOOOOOOOOOOOOOOOOOOOOOOOOOOOOOOOOOOOOOOOOOOOOOOOOOOOOOOOOOOOOOOOOOOOOOOOOOOOOOOOOOOOOOOOOOOOOOOOOOOOOOOOOOOOOOOOOOOOOOOOOOOOOOOOOOOOOOOOOOOOOOOOOOOOOOOOOOOOOOOOOOOOOOOOOOOOOOOOOOOOOOOOOOOOOOOOOOOOOOOOOOOOOOOOOOOOOOOOOOOOOOOOOOOOOOOOOOOOOOOOOOOOOOOOOOOOOOOOOOOOOOOOOOOOOOOOOOOOOOOOOOOOOOOOOOOOOOOOOOOOOOOOOOOOOOOOOOOOOOOOOOOOOOOOOOOOOOOOOOOOOOOOOOOOOOOOOOOOOOOOOOOOOOOOOOOOOOOOOOOOOOOOOOOOOOOOOOOOOOOOOOOOOOOOOOOOOOOOOOOOOOOOOOOOOOOOOOOOOOOOOOOOOOOOOOOOOOMMMMMMMMMMMMMMMMMMMMMMMiiiiiiiii
Q8E6E4_Streptococcus agalactiae III,,0.9166,554,0,Cellwall,9.98,0.6613,0.7568,,0,0,0,0,0,,,,MKLSKKLLFSAAVLTMVAGSTVEPVAQFATGMSIVRAAEVSQERPAKTTVNIYKLQADSYKSEITSNGGIENKDGEVISNYAKLGDNVKGLQGVQFKRYKVKTDISVDELKKLTTVEAADAKVGTILEEGVSLPQKTNAQGLVVDALDSKSNVRYLYVEDLKNSPSNITKAYAVPFVLELPVANSTGTGFLSEINIYPKNVVTDEPKTDKDVKKLGQDDAGYTIGEEFKWFLKSTIPANLGDYEKFEITDKFADGLTYKSVGKIKIGSKTLNRDEHYTIDEPTVDNQNTLKITFKPEKFKEIAELLKGMTLVKNQDALDKATANTDDAAFLEIPVASTINEKAVLGKAIENTFELQYDHTPDKADNPKPSNPPRKPEVHTGGKRFVKKDSTETQTLGGAEFDLLASDGTAVKWTDALIKANTNKNYIAGEAVTGQPIKLKSHTDGTFEIKGLAYAVDANAEGTAVTYKLKETKAPEGYVIPDKEIEFTVSQTSYNTKPTDITVDSADATPDTIKNNKRPSIPNTGGIGTAIFVAIGAAVMAFAVKGMKRRTKDN,,OOOOOOOOOOOOOOOOOOOOOOOOOOOOOOOOOOOOOOOOOOOOOOOOOOOOOOOOOOOOOOOOOOOOOOOOOOOOOOOOOOOOOOOOOOOOOOOOOOOOOOOOOOOOOOOOOOOOOOOOOOOOOOOOOOOOOOOOOOOOOOOOOOOOOOOOOOOOOOOOOOOOOOOOOOOOOOOOOOOOOOOOOOOOOOOOOOOOOOOOOOOOOOOOOOOOOOOOOOOOOOOOOOOOOOOOOOOOOOOOOOOOOOOOOOOOOOOOOOOOOOOOOOOOOOOOOOOOOOOOOOOOOOOOOOOOOOOOOOOOOOOOOOOOOOOOOOOOOOOOOOOOOOOOOOOOOOOOOOOOOOOOOOOOOOOOOOOOOOOOOOOOOOOOOOOOOOOOOOOOOOOOOOOOOOOOOOOOOOOOOOOOOOOOOOOOOOOOOOOOOOOOOOOOOOOOOOOOOOOOOOOOOOOOOOOOOOOOOOOOOOOOOOOOOOOOOOOOOOOOOOOOOOOOOOOOOOOOOOOOOOOOOOOOOOOOOOOOOOOOOOMMMMMMMMMMMMMMMMMMMMMMMiiiiiiiii
P58099_Streptococcus pyogenes M1,,0.8949,1181,0,Cellwall,10,0.5238,0.7407,,0,0,0,0,0,,,,MRKKQKLPFDKLAIALMSTSILLNAQSDIKANTVTEDTPATEQAVETPQPTAVSEEAPSSKETKTPQTPDDAEETIADDANDLAPQAPAKTADTPATSKATIRDLNDPSQVKTLQEKAGKGAGTVVAVIDAGFDKNHEAWRLTDKTKARYQSKEDLEKAKKEHGITYGEWVNDKVAYYHDYSKDGKTAVDQEHGTHVSGILSGNAPSETKEPYRLEGAMPEAQLLLMRVEIVNGLADYARNYAQAIIDAVNLGAKVINMSFGNAALAYANLPDETKKAFDYAKSKGVSIVTSAGNDSSFGGKTRLPLADHPDYGVVGTPAAADSTLTVASYSPDKQLTETATVKTADQQDKEMPVLSTNRFEPNKAYDYAYANRGMKEDDFKDVKGKIALIERGDIDFKDKIANAKKAGAVGVLIYDNQDKGFPIELPNVDQMPAAFISRKDGLLLKENPQKTITFNATPKVLPTASGTKLSRFSSWGLTADGNIKPDIAAPGQDILSSVANNKYAKLSGTSMSAPLVAGIMGLLQKQYETQYPDMTPSERLDLAKKVLMSSATALYDEDEKAYFSPRQQGAGAVDAKKASAATMYVTDKDNTSSKVHLNNVSDKFEVTVTVHNKSDKPQELYYQATVQTDKVDGKLFALAPKALYETSWQKITIPANSSKQVTIPIDVSQFSKDLLAPMKNGYFLEGFVRFKQDPTKEELMSIPYIGFRGDFGNLSALEKPIYDSKDGSSYYHEANSDAKDQLDGDGLQFYALKNNFTALTTESNPWTIIKAVKEGVENIEDIESSEITETIFAGTFAKQDDDSHYYIHRHANGKPYAAISPNGDGNRDYVQFQGTFLRNAKNLVAEVLDKEGNVVWTSEVTEQVVKNYNNDLASTLGSTRFEKTRWDGKDKDGKVVANGTYTYRVRYTPISSGAKEQHTDFDVIVDNTTPEVATSATFSTEDRRLTLASKPKTSQPVYRERIAYTYMDEDLPTTEYISPNEDGTFTLPEEAETMEGATVPLKMSDFTYVVEDMAGNITYTPVTKLLEGHSNKPEQDGSDQAPDKKPETKPEQDGSGQAPDKKPETKPEQDGSGQTPDKKPETKPEQDGSGQTPDKKPETKPEKDSSGQTPGKTPQKGQPSRTLEKRSSKRALATKASTKDQLPTTNDKDTNRLHLLKLVMTTFFLGLVAHIFKTKRTED,,
Q02192_Streptococcus agalactiae Ia,,0.8943,1020,1,Cellwall,10,0.2798,0.9805,,0,0,0,0,0,,,,MFRRSKNNSYDTSQTKQRFSIKKFKFGAASVLIGLSFLGGVTQGNLNIFEESIVAASTIPGSAATLNTSITKNIQNGNAYIDLYDVKLGKIDPLQLIVLEQGFTAKYVFRQGTKYYGDVSQLQSTGRASLTYNIFGEDGLPHVKTDGQIDIVSVALTIYDSTTLRDKIEEVRTNANDPKWTEESRTEVLTGLDTIKTDIDNNPKTQTDIDSKIVEVNELEKLLVLSVPDKDKYDPTGGETTVPQGTPVSDKEITDLVKIPDGSKGVPTVVGDRPDTNVPGDHKVTVEVTYPDGTKDTVEVTVHVTPKPVPDKDKYDPTGGETTVPQGTPVSDKEITDLVKIPDGSKGVPTVVGDRPDTNVPGDHKVTVEVTYPDGTKDTVEVTVHVTPKPVPDKDKYDPTGGETTVPQGTPVSDKEITDLVKIPDGSKGVPTVVGDRPDTNVPGDHKVTVEVTYPDGTKDTVEVTVHVTPKPVPDKDKYDPTGGETTVPQGTPVSDKEITDLVKIPDGSKGVPTVVGDRPDTNVPGDHKVTVEVTYPDGTKDTVEVTVHVTPKPVPDKDKYDPTGGETTVPQGTPVSDKEITDLVKIPDGSKGVPTVVGDRPDTNVPGDHKVTVEVTYPDGTKDTVEVTVHVTPKPVPDKDKYDPTGGETTVPQGTPVSDKEITDLVKIPDGSKGVPTVVGDRPDTNVPGDHKVTVEVTYPDGTKDTVEVTVHVTPKPVPDKDKYDPTGGETTVPQGTPVSDKEITDLVKIPDGSKGVPTVVGDRPDTNVPGDHKVTVEVTYPDGTKDTVEVTVHVTPKPVPDKDKYDPTGGETTVPQGTPVSDKEITDLVKIPDGSKGVPTVVGDRPDTNVPGDHKVTVEVTYPDGTKDTVEVTVHVTPKPVPDKDKYDPTGGETTVPQGTPVSDKEITDLVKIPDGSKGVPTVVGDRPDTNVPGDHKVTVEVTYPDGTKDTVEVTVHVTPKPVPDKDKYDPTGKAQQVNGKGNKLPATGENATPFFNVAALTIISSVGLLSVSKKKED,,iiiiiiiiiiiiiiiiiiiiiiiMMMMMMMMMMMMMMMMMMMMMMMOOOOOOOOOOOOOOOOOOOOOOOOOOOOOOOOOOOOOOOOOOOOOOOOOOOOOOOOOOOOOOOOOOOOOOOOOOOOOOOOOOOOOOOOOOOOOOOOOOOOOOOOOOOOOOOOOOOOOOOOOOOOOOOOOOOOOOOOOOOOOOOOOOOOOOOOOOOOOOOOOOOOOOOOOOOOOOOOOOOOOOOOOOOOOOOOOOOOOOOOOOOOOOOOOOOOOOOOOOOOOOOOOOOOOOOOOOOOOOOOOOOOOOOOOOOOOOOOOOOOOOOOOOOOOOOOOOOOOOOOOOOOOOOOOOOOOOOOOOOOOOOOOOOOOOOOOOOOOOOOOOOOOOOOOOOOOOOOOOOOOOOOOOOOOOOOOOOOOOOOOOOOOOOOOOOOOOOOOOOOOOOOOOOOOOOOOOOOOOOOOOOOOOOOOOOOOOOOOOOOOOOOOOOOOOOOOOOOOOOOOOOOOOOOOOOOOOOOOOOOOOOOOOOOOOOOOOOOOOOOOOOOOOOOOOOOOOOOOOOOOOOOOOOOOOOOOOOOOOOOOOOOOOOOOOOOOOOOOOOOOOOOOOOOOOOOOOOOOOOOOOOOOOOOOOOOOOOOOOOOOOOOOOOOOOOOOOOOOOOOOOOOOOOOOOOOOOOOOOOOOOOOOOOOOOOOOOOOOOOOOOOOOOOOOOOOOOOOOOOOOOOOOOOOOOOOOOOOOOOOOOOOOOOOOOOOOOOOOOOOOOOOOOOOOOOOOOOOOOOOOOOOOOOOOOOOOOOOOOOOOOOOOOOOOOOOOOOOOOOOOOOOOOOOOOOOOOOOOOOOOOOOOOOOOOOOOOOOOOOOOOOOOOOOOOOOOOOOOOOOOOOOOOOOOOOOOOOOOOOOOOOOOOOOOOOOOOOOOOOOOOOOOOOOOOOOOOOOOOOOOOOOOOOOOOOOOOOOOOOOOOOOOOOOOOOOOOOOOOOOOOOOOOOOOOOOOOOOOOOOOOOOOOOOOOOOOOOOOOOOOOOOOOOOOOOOOO
P49051_Bacillus anthracis AMES ANCESTOR,,0.8897,814,0,Cellwall,10,0.5143,0.7137,,0,0,0,0,0,,,,MAKTNSYKKVIAGTMTAAMVAGVVSPVAAAGKTFPDVPADHWGIDSINYLVEKGAVKGNDKGMFEPGKELTRAEAATMMAQILNLPIDKDAKPSFADSQGQWYTPFIAAVEKAGVIKGTGNGFEPNGKIDRVSMASLLVEAYKLDTKVNGTPATKFKDLETLNWGKEKANILVELGISVGTGDQWEPKKTVTKAEAAQFIAKTDKQFGTEAAKVESAKAVTTQKVEVKFSKAVEKLTKEDIKVTNKANNDKVLVKEVTLSEDKKSATVELYSNLAAKQTYTVDVNKVGKTEVAVGSLEAKTIEMADQTVVADEPTALQFTVKDENGTEVVSPEGIEFVTPAAEKINAKGEITLAKGTSTTVKAVYKKDGKVVAESKEVKVSAEGAAVASISNWTVAEQNKADFTSKDFKQNNKVYEGDNAYVQVELKDQFNAVTTGKVEYESLNTEVAVVDKATGKVTVLSAGKAPVKVTVKDSKGKELVSKTVEIEAFAQKAMKEIKLEKTNVALSTKDVTDLKVKAPVLDQYGKEFTAPVTVKVLDKDGKELKEQKLEAKYVNKELVLNAAGQEAGNYTVVLTAKSGEKEAKATLALELKAPGAFSKFEVRGLEKELDKYVTEENQKNAMTVSVLPVDANGLVLKGAEAAELKVTTTNKEGKEVDATDAQVTVQNNSVITVGQGAKAGETYKVTVVLDGKLITTHSFKVVDTAPTAKGLAVEFTSTSLKEVAPNADLKAALLNILSVDGVPATTAKATVSNVEFVSADTNVVAENGTVGAKGATSIYVKNLTVVKDGKEQKVEFDKAVQVAVSIKEAKPATK,,
Q8E4T9_Streptococcus agalactiae III,,0.8885,1150,0,Cellwall,10,0.5429,0.6764,,0,0,0,0,0,,,,MRKKQKLPFDKLAIALMSTSILLNAQSDIKANTVTEDTPATEQTVETPQPTAVSEEAPSSKETKTPQTPSDAGETVADDANDLAPQAPAKTADTPATSKATIRDLNDPSQVKTLQEKAGKGAGTVVAVIDAGFDKNHEAWRLTDKAKARYQSKEDLEKAKKEHGITYGEWVNDKVAYYHDYSKDGKTAVDQEHGTHVSGILSGNAPSETKEPYRLEGAMPEAQLLLMRVEIVNGLADYARNYAQAIRDAINLGAKVINMSFGNAALAYANLPDETKKAFDYAKSKGVSIVTSAGNDSSFGGKTRLPLADHPDYGVVGTPAAADSTLTVASYSPDKQLTETATVKTADQQDKEMPVLSTNRFEPNKAYDYAYANRGTKEDDFKDVKGKIALIERGDIDFKDKIAKAKKAGAVGVLIYDNQDKGFPIELPNVDQMPAAFISRKDGLLLKDNPQKTITFNATPKVLPTASGTKLSRFSSWGLTADGNIKPDIAAPGQDILSSVANNKYAKLSGTSMSAPLVAGIMGLLQKQYETQYPDMTPSERLDLAKKVLMSSATALYDEDEKAYFSPRQQGAGAVDAKKASAATMYVTDKDNTSSKVHLNNVSDKFEVTVTVHNKSDKPQELYYQATVQTDKVDGKHFALAPKALYETSWQKITIPANSSKQVTVPIDASRFSKDLLAQMKNGYFLEGFVRFKQDPKKEELMSIPYIGFRGDFGNLSALEKPIYDSKDGSSYYHEANSDAKDQLDGDGLQFYALKNNFTALTTESNPWTIIKAVKEGVENIEDIESSEITETIFAGTFAKQDDDSHYYIHRHANGKPYAAISPNGDGNRDYVQFQGTFLRNAKNLVAEVLDKEGNVVWTSEVTEQVVKNYNNDLASTLGSTRFEKTRWDGKDKDGKVVANGTYTYRVRYTPISSGAKEQHTDFDVIVDNTTPEVATSATFSTEDRRLTLASKPKTSQPVYRERIAYTYMDEDLPTTEYISPNEDGTFTLPEEAETMEGATVPLKMSDFTYVVEDMAGNITYTPVTKLLEGHSNKPEQDGSDQAPDKKPEAKPEQDGSGQTPDKKTETKPEKDSSGQTPGKTPQKGQPSRTLEKRSSKRALATKASTRDQLPTTNDKDTNRLHLLKLVMTTFFLGLVAHIFKTKRQKETKK,,
Q8E7W4_Streptococcus agalactiae III,,0.8717,434,0,Extracellular,9.13,0.8765,0.3123,,0,0,0,0,0,,,,MKMNKKVLLTSTMAASLLSVASVQAQETDTTWTARTVSEVKADLVKQDNKSSYTVKYGDTLSVISEAMSIDMNVLAKINNIADINLIYPETTLTVTYDQKSHTATSMKIETPATNAAGQTTATVDLKTNQVSVADQKVSLNTISEGMTPEAATTIVSPMKTYSSAPALKSKEVLAQEQAVSQAAANEQVSPAPVKSITSEVPAAKEEVKPTQTSVSQSTTVSPASVAAETPAPVAKVAPVRTVAAPRVASVKVVTPKVETGASPEHVSAPAVPVTTTSPATDSKLQATEVKSVPVAQKAPTATPVAQPASTTNAVAAHPENAGLQPHVAAYKEKVASTYGVNEFSTYRAGDPGDHGKGLAVDFIVGTNQALGNKVAQYSTQNMAANNISYVIWQQKFYSNTNSIYGPANTWNAMPDRGGVTANHYDHVHVSFNK,,
Q99XV0_Streptococcus pyogenes M1,,0.8685,484,0,Cellwall,10,0.6883,0.391,,0,0,0,0,0,,,,MAKNNTNRHYSLRKLKTGTASVAVALTVLGAGFANQTEVKANGDGNPREVIEDLAANNPAIQNIRLRYENKDLKARLENAMEVAGRDFKRAEELEKAKQALEDQRKDLETKLKELQQDYDLAKESTSWDRQRLEKELEEKKEALELAIDQASRDYHRATALEKELEEKKKALELAIDQASQDYNRANVLEKELETITREQEINRNLLGNAKLELDQLSSEKEQLTIEKAKLEEEKQISDASRQSLRRDLDASREAKKQVEKDLANLTAELDKVKEDKQISDASRQGLRRDLDASREAKKQVEKDLANLTAELDKVKEEKQISDASRQGLRRDLDASREAKKQVEKALEEANSKLAALEKLNKELEESKKLTEKEKAELQAKLEAEAKALKEQLAKQAEELAKLRAGKASDSQTPDTKPGNKAVPGKGQAPQAGTKPNQNKAPMKETKRQLPSTGETANPFFTAAALTVMATAGVAAVVKRKEEN,,OOOOOOOOOOOOOOOOOOOOOOOOOOOOOOOOOOOOOOOOOOOOOOOOOOOOOOOOOOOOOOOOOOOOOOOOOOOOOOOOOOOOOOOOOOOOOOOOOOOOOOOOOOOOOOOOOOOOOOOOOOOOOOOOOOOOOOOOOOOOOOOOOOOOOOOOOOOOOOOOOOOOOOOOOOOOOOOOOOOOOOOOOOOOOOOOOOOOOOOOOOOOOOOOOOOOOOOOOOOOOOOOOOOOOOOOOOOOOOOOOOOOOOOOOOOOOOOOOOOOOOOOOOOOOOOOOOOOOOOOOOOOOOOOOOOOOOOOOOOOOOOOOOOOOOOOOOOOOOOOOOOOOOOOOOOOOOOOOOOOOOOOOOOOOOOOOOOOOOOOOOOOOOOOOOOOOOOOOOOOOOOOOOOOOOOOOOOOOOOOOOOOOOOOOOOOOOOOOOOOOOOOOOOOOOOOOOOOOOOOOOOOOOOOOOOOOOOOMMMMMMMMMMMMMMMMMMMMMMMiiiii
Q3K3Z5_Streptococcus agalactiae Ia,,0.8649,434,0,Extracellular,9.13,0.8855,0.2562,,0,0,0,0,0,,,,MKMNKKVLLTSTMAASLLSVASVQAQETDTTWTARTVSEVKADLVKQDNKSSYTVKYGDTLSVISEAMSIDMNVLAKINNIADINLIYPETTLTVTYDQKSHTATSMKIETPATNAAGQTTATVDLKTNQVSVADQKVSLNTISEGMTPEAATTIVSPMKTYSSAPALKSKEVLAQGQAVSQAAANEQVSPAPVKSITSEVPAAKEEVKPTQTSVSQSTTVSPASVAAETPAPVAKVAPVRTVAAPRVASVKVVTPKVETGASPEHVSAPAVPVTTTSTATDSKLQATEVKSVPVAQKAPTATPVAQPASTTNAVAAHPENARLQPHVAAYKEKVASTYGVNEFSTYRAGDPGDHGKGLAVDFIVGKNQALGNEVAQYSTQNMAANNISYVIWQQKFYSNTNSIYGPANTWNAMPDRGGVTANHYDHVHVSFNK,,
A0A0H3K025_Staphylococcus aureus MW2,,0.8622,727,1,CytoplasmicMembrane,9.51,0.913,0.1712,,0,0,0,0,0,,,,MTENKGSSQPKKNGNNGGKSNSKKNRNVKRTIIKIIGFMIIAFFVVLLLGILLFAYYAWKAPAFTEAKLQDPIPAKIYDKNGELVKTLDNGQRHEHVNLKDVPKSMKDAVLATEDNRFYEHGALDYKRLFGAIGKNLTGGFGSEGASTLTQQVVKDAFLSQHKSIGRKAQEAYLSYRLEQEYSKDDIFQVYLNKIYYSDGVTGIKAAAKYYFNKDLKDLNLAEEAYLAGLPQVPNNYNIYDHPKAAEDRKNTVLYLMHYHKRITDKQWEDAKKIDLKANLVNRTAEERQNIDTNQDSEYNSYVNFVKSELMNNKAFKDENLGNVLQSGIKIYTNMDKDVQKTLQNDVDNGSFYKNKDQQVGATILDSKTGGLVAISGGRDFKDVVNRNQATDPHPTGSSLKPFLAYGPAIENMKWATNHAIQDESSYQVDGSTFRNYDTKSHGTVSIYDALRQSFNIPALKAWQSVKQNAGNDAPKKFAAKLGLNYEGDIGPSEVLGGSASEFSPTQLASAFAAIANGGTYNNAHSIQKVVTRDGETIEYDHTSHKAMSDYTAYMLAEMLKGTFKPYGSAYGHGVSGVNMGAKTGTGTYGAETYSQYNLPDNAAKDVWINGFTPQYTMSVWMGFSKVKQYGENSFVGHSQQEYPQFLYENVMSKISSRDGEDFKRPSSVSGSIPSINVSGSQDNNTTNRSTHGGSDTSANSSGTAQSNNNTRSQQSRNSGGLTGIFN,,iiiiiiiiiiiiiiiiiiiiiiiiiiiiiiiiiiMMMMMMMMMMMMMMMMMMMMMMMOOOOOOOOOOOOOOOOOOOOOOOOOOOOOOOOOOOOOOOOOOOOOOOOOOOOOOOOOOOOOOOOOOOOOOOOOOOOOOOOOOOOOOOOOOOOOOOOOOOOOOOOOOOOOOOOOOOOOOOOOOOOOOOOOOOOOOOOOOOOOOOOOOOOOOOOOOOOOOOOOOOOOOOOOOOOOOOOOOOOOOOOOOOOOOOOOOOOOOOOOOOOOOOOOOOOOOOOOOOOOOOOOOOOOOOOOOOOOOOOOOOOOOOOOOOOOOOOOOOOOOOOOOOOOOOOOOOOOOOOOOOOOOOOOOOOOOOOOOOOOOOOOOOOOOOOOOOOOOOOOOOOOOOOOOOOOOOOOOOOOOOOOOOOOOOOOOOOOOOOOOOOOOOOOOOOOOOOOOOOOOOOOOOOOOOOOOOOOOOOOOOOOOOOOOOOOOOOOOOOOOOOOOOOOOOOOOOOOOOOOOOOOOOOOOOOOOOOOOOOOOOOOOOOOOOOOOOOOOOOOOOOOOOOOOOOOOOOOOOOOOOOOOOOOOOOOOOOOOOOOOOOOOOOOOOOOOOOOOOOOOOOOOOOOOOOOOOOOOOOOOOOOOOOOOOOOOOOOOOOOOOOOOOOOOOOOOOOOOOOOOOOOOOOOOOOOOOOOOOOOOOOOOOOOOOOOOOOOOOOOOOOOOOOOOOOOOOOOOOOOOOOOOOOOO
Q9A1S0_Streptococcus pyogenes M1,,0.8448,215,0,Cellwall,9.98,0.8307,0.0847,,0,0,0,0,0,,,,MKKSILRILAIGYLLMSFCLLDSVEAENLTASINIEVINQVDVATNKQSSDIDETFMFVIEALDKESPLPNSVTTSVKGNGKTSFEQLTFSEVGQYHYKIHQLLGKNSQYHYDETVYEVVIYVLYNEQSGALETNLVSNKLGETEKSELIFKQEYSEKTPEPHQPDTTEKEKPQKKRNGILPSTGEMVSYVSALGIVLVATITLYSIYKKLKTSK,,OOOOOOOOOOOOOOOOOOOOOOOOOOOOOOOOOOOOOOOOOOOOOOOOOOOOOOOOOOOOOOOOOOOOOOOOOOOOOOOOOOOOOOOOOOOOOOOOOOOOOOOOOOOOOOOOOOOOOOOOOOOOOOOOOOOOOOOOOOOOOOOOOOOOOOOOOOOOOOOOOOOOOOOOOOOOOOOOOOOOOOOOOOMMMMMMMMMMMMMMMMMMMMMMMiiiiii
Q7DAL7_Streptococcus pyogenes M1,,0.8369,217,0,Cellwall,10,0.7622,0.0964,,0,0,0,0,0,,,,MGKEIKVKCFLRRSAFGLVAVSASVLVGSTVSAVDSPIEQPRIIPNGGTLTNLLGNAPEKLALRNEERAIDELKKQAIEDKEATTAIEAASSDALEALADQTDALQSEEAAVVKADNAASDALEALADQTDALQSEEAEVVQSDNAASDAWEKAATPIALDVKKTKDTKPVVKKEERQNVNTLPTTGEESNPFFTAAALAIMVSTGVLVVSSKCKEN,,
Q8E4C3_Streptococcus agalactiae III,,0.8287,901,0,Cellwall,3.33,0.8871,0.9137,,0,0,0,0,0,,,,MRKYQKFSKILTLSLFCLSQIPLNTNVLGESTVPENGAKGKLVVKKTDDQNKPLSKATFVLKTTAHPESKIEKVTAELTGEATFDNLIPGDYTLSEETAPEGYKKTNQTWQVKVESNGKTTIQNSGDKNSTIGQNHEELDKQYPPTGIYEDTKESYKLEHVKGSVPNGKSEAKAVNPYSSEGEHIREIPEGTLSKRISEVGDLAHNKYKIELTVSGKTIVKPVDKQKPLDVVFVLDNSNSMNNDGPNFQRHNKAKKAAEALGTAVKDILGANSDNRVALVTYGSDIFDGRSVDVVKGFKEDDKYYGLQTKFTIQTENYSHKQLTNNAEEIIKRIPTEAPRAKWGSTTNGLTPEQQKQYYLSKVGETFTMKAFMEADDILSQVDRNSQKIIVHITDGVPTRSYAINNFKLGASYESQFEQMKKNGYLNKSNFLLTDKPEDIKGNGESYFLFPLDSYQTQIISGNLQKLHYLDLNLNYPKGTIYRNGPVREHGTPTKLYINSLKQKNYDIFNFGIDISAFRQVYNEDYKKNQDGTFQKLKEEAFELSDGEITELMKSFSSKPEYYTPIVTSSDASNNEILSKIQQQFEKVLTKENSIVNGTIEDPMGDKINLQLGNGQTLQPSDYTLQGNDGSIMKDSIATGGPNNDGGILKGVKLEYIKNKLYVRGLNLGEGQKVTLTYDVKLDDSFISNKFYDTNGRTTLNPKSEDPNTLRDFPIPKIRDVREYPTITIKNEKKLGEIEFTKVDKDNNKLLLKGATFELQEFNEDYKLYLPIKNNNSKVVTGENGKISYKDLKDGKYQLIEAVSPKDYQKITNKPILTFEVVKGSIQNIIAVNKQISEYHEEGDKHLITNTHIPPKGIIPMTGGKGILSFILIGGSMMSIAGGIYIWKRYKKSSDISREKD,,OOOOOOOOOOOOOOOOOOOOOOOOOOOOOOOOOOOOOOOOOOOOOOOOOOOOOOOOOOOOOOOOOOOOOOOOOOOOOOOOOOOOOOOOOOOOOOOOOOOOOOOOOOOOOOOOOOOOOOOOOOOOOOOOOOOOOOOOOOOOOOOOOOOOOOOOOOOOOOOOOOOOOOOOOOOOOOOOOOOOOOOOOOOOOOOOOOOOOOOOOOOOOOOOOOOOOOOOOOOOOOOOOOOOOOOOOOOOOOOOOOOOOOOOOOOOOOOOOOOOOOOOOOOOOOOOOOOOOOOOOOOOOOOOOOOOOOOOOOOOOOOOOOOOOOOOOOOOOOOOOOOOOOOOOOOOOOOOOOOOOOOOOOOOOOOOOOOOOOOOOOOOOOOOOOOOOOOOOOOOOOOOOOOOOOOOOOOOOOOOOOOOOOOOOOOOOOOOOOOOOOOOOOOOOOOOOOOOOOOOOOOOOOOOOOOOOOOOOOOOOOOOOOOOOOOOOOOOOOOOOOOOOOOOOOOOOOOOOOOOOOOOOOOOOOOOOOOOOOOOOOOOOOOOOOOOOOOOOOOOOOOOOOOOOOOOOOOOOOOOOOOOOOOOOOOOOOOOOOOOOOOOOOOOOOOOOOOOOOOOOOOOOOOOOOOOOOOOOOOOOOOOOOOOOOOOOOOOOOOOOOOOOOOOOOOOOOOOOOOOOOOOOOOOOOOOOOOOOOOOOOOOOOOOOOOOOOOOOOOOOOOOOOOOOOOOOOOOOOOOOOOOOOOOOOOOOOOOOOOOOOOOOOOOOOOOOOOOOOOOOOOOOOOOOOOOOOOOOOOOOOOOOOOOOOOOOOOOOOOOOOOOOOOOOOOOOOOOOOOOOOOOOOOOOOOOOOOOOOOOOOOOOOOOOOOOOOOOOOOOOOOOOMMMMMMMMMMMMMMMMMMMMMMMiiiiiiiiiiiii
Q8DYR5_Streptococcus agalactiae V,,0.828,901,0,Extracellular,3.33,0.8735,0.9228,,0,0,0,0,0,,,,MRKYQKFSKILTLSLFCLSQIPLNTNVLGESTVPENGAKGKLVVKKTDDQNKPLSKATFVLKTTAHPESKIEKVTAELTGEATFDNLIPGDYTLSEETAPEGYKKTNQTWQVKVESNGKTTIQNSGDKNSTIGQNQEELDKQYPPTGIYEDTKESYKLEHVKGSVPNGKSEAKAVNPYSSEGEHIREIPEGTLSKRISEVGDLAHNKYKIELTVSGKTIVKPVDKQKPLDVVFVLDNSNSMNNDGPNFQRHNKAKKAAEALGTAVKDILGANSDNRVALVTYGSDIFDGRSVDVVKGFKEDDKYYGLQTKFTIQTENYSHKQLTNNAEEIIKRIPTEAPKAKWGSTTNGLTPEQQKEYYLSKVGETFTMKAFMEADDILSQVNRNSQKIIVHVTDGVPTRSYAINNFKLGASYESQFEQMKKNGYLNKSNFLLTDKPEDIKGNGESYFLFPLDSYQTQIISGNLQKLHYLDLNLNYPKGTIYRNGPVKEHGTPTKLYINSLKQKNYDIFNFGIDISGFRQVYNEEYKKNQDGTFQKLKEEAFKLSDGEITELMRSFSSKPEYYTPIVTSADTSNNEILSKIQQQFETILTKENSIVNGTIEDPMGDKINLQLGNGQTLQPSDYTLQGNDGSVMKDGIATGGPNNDGGILKGVKLEYIGNKLYVRGLNLGEGQKVTLTYDVKLDDSFISNKFYDTNGRTTLNPKSEDPNTLRDFPIPKIRDVREYPTITIKNEKKLGEIEFIKVDKDNNKLLLKGATFELQEFNEDYKLYLPIKNNNSKVVTGENGKISYKDLKDGKYQLIEAVSPEDYQKITNKPILTFEVVKGSIKNIIAVNKQISEYHEEGDKHLITNTHIPPKGIIPMTGGKGILSFILIGGAMMSIAGGIYIWKRYKKSSDMSIKKD,,OOOOOOOOOOOOOOOOOOOOOOOOOOOOOOOOOOOOOOOOOOOOOOOOOOOOOOOOOOOOOOOOOOOOOOOOOOOOOOOOOOOOOOOOOOOOOOOOOOOOOOOOOOOOOOOOOOOOOOOOOOOOOOOOOOOOOOOOOOOOOOOOOOOOOOOOOOOOOOOOOOOOOOOOOOOOOOOOOOOOOOOOOOOOOOOOOOOOOOOOOOOOOOOOOOOOOOOOOOOOOOOOOOOOOOOOOOOOOOOOOOOOOOOOOOOOOOOOOOOOOOOOOOOOOOOOOOOOOOOOOOOOOOOOOOOOOOOOOOOOOOOOOOOOOOOOOOOOOOOOOOOOOOOOOOOOOOOOOOOOOOOOOOOOOOOOOOOOOOOOOOOOOOOOOOOOOOOOOOOOOOOOOOOOOOOOOOOOOOOOOOOOOOOOOOOOOOOOOOOOOOOOOOOOOOOOOOOOOOOOOOOOOOOOOOOOOOOOOOOOOOOOOOOOOOOOOOOOOOOOOOOOOOOOOOOOOOOOOOOOOOOOOOOOOOOOOOOOOOOOOOOOOOOOOOOOOOOOOOOOOOOOOOOOOOOOOOOOOOOOOOOOOOOOOOOOOOOOOOOOOOOOOOOOOOOOOOOOOOOOOOOOOOOOOOOOOOOOOOOOOOOOOOOOOOOOOOOOOOOOOOOOOOOOOOOOOOOOOOOOOOOOOOOOOOOOOOOOOOOOOOOOOOOOOOOOOOOOOOOOOOOOOOOOOOOOOOOOOOOOOOOOOOOOOOOOOOOOOOOOOOOOOOOOOOOOOOOOOOOOOOOOOOOOOOOOOOOOOOOOOOOOOOOOOOOOOOOOOOOOOOOOOOOOOOOOOOOOOOOOOOOOOOOOOOOOOOOOOOOOOOOOOOOOOOOOOOOOOOOOOOOOOOMMMMMMMMMMMMMMMMMMMMMMMiiiiiiiiiiii
P60811_Streptococcus pyogenes M1,,0.826,351,0,CytoplasmicMembrane,9.68,0.7914,0.0224,,0,0,0,0,0,,,,MKNSNKLIASVVTLASVMALAACQSTNDNTKVISMKGDTISVSDFYNETKNTEVSQKAMLNLVISRVFEAQYGDKVSKKEVEKAYHKTAEQYGASFSAALAQSSLTPETFKRQIRSSKLVEYAVKEAAKKELTTQEYKKAYESYTPTMAVEMITLDNEETAKSVLEELKAEGADFTAIAKEKTTTPEKKVTYKFDSGATNVPTDVVKAASSLNEGGISDVISVLDPTSYQKKFYIVKVTKKAEKKSDWQEYKKRLKAIIIAEKSKDMNFQNKVIANALDKANVKIKDKAFANILAQYANLGQKTKAASESSTTSESSKAAEENPSESEQTQTSSAEEPTETEAQTQEPAAQ,,
Q9A1S2_Streptococcus pyogenes M1,,0.8176,340,0,Unknown,0,0.8211,0.9021,,0,0,0,0,0,,,,MKLRHLLLTGAALTSFAATTVHGETVVNGAKLTVTKNLDLVNSNALIPNTDFTFKIEPDTTVNEDGNKFKGVALNTPMTKVTYTNSDKGGSNTKTAEFDFSEVTFEKPGVYYYKVTEEKIDKVPGVSYDTTSYTVQVHVLWNEEQQKPVATYIVGYKEGSKVPIQFKNSLDSTTLTVKKKVSGTGGDRSKDFNFGLTLKANQYYKASEKVMIEKTTKGGQAPVQTEASIDQLYHFTLKDGESIKVTNLPVGVDYVVTEDDYKSEKYTTNVEVSPQDGAVKNIAGNSTEQETSTDKDMTITFTNKKDFEVPTGVAMTVAPYIALGIVAVGGALYFVKKKNA,,OOOOOOOOOOOOOOOOOOOOOOOOOOOOOOOOOOOOOOOOOOOOOOOOOOOOOOOOOOOOOOOOOOOOOOOOOOOOOOOOOOOOOOOOOOOOOOOOOOOOOOOOOOOOOOOOOOOOOOOOOOOOOOOOOOOOOOOOOOOOOOOOOOOOOOOOOOOOOOOOOOOOOOOOOOOOOOOOOOOOOOOOOOOOOOOOOOOOOOOOOOOOOOOOOOOOOOOOOOOOOOOOOOOOOOOOOOOOOOOOOOOOOOOOOOOOOOOOOOOOOOOOOOOOOOOOOOOOOOOOOOOOOOOOOOOOOOOOOOOOOOOOOOOOOOOOOMMMMMMMMMMMMMMMMMMMMMMMiiii
A0A6L8PG52_Bacillus anthracis AMES ANCESTOR,,0.7516,191,0,Cellwall,8.75,0.3769,0.0092,,0,0,0,0,0,,,,MWRKLTIIVVLLCLAGYAAYEQFGKSDQAAQGEQEKSEAAMKEMIASNGIEIGKSAPDFELTKLDGTNIKLSDLKGKKVILNFWATWCGPCQQEMPDMEAFYKKHKDNVEILAINYTPSEKGGGVEKVSNFAKEKGITFPILLDKNIDVTTAYKVITIPTSYFIDTKGVIQDKFIGPMTQKEMEKRIAKLK,,
Q99ZD7_Streptococcus pyogenes M1,,0.6774,278,0,Unknown,0,0.69,0.0521,,0,0,0,0,0,,,,MIIKKRTVAILAIASSFFLVACQATKSLKSGDAWGVYQKQKSITVGFDNTFVPMGYKDESGRCKGFDIDLAKEVFHQYGLKVNFQAINWDMKEAELNNGKIDVIWNGYSITKERQDKVAFTDSYMRNEQIIVVKKRSDIKTISDMKHKVLGAQSASSGYDSLLRTPKLLKDFIKNKDANQYETFTQAFIDLKSDRIDGILIDKVYANYYLAKEGQLENYRMIPTTFENEAFSVGLRKEDKTLQAKINRAFRVLYQNGKFQAISEKWFGDDVATANIKS,,
